1.773469,8.000899,11.710512,10.333044,8.593555,10.802215,6.514140,7.494367,0.928673,13.241052,8.295653,1.613217,17.462134,14.913866,2.056746,10.997001,5.242029,12.048083,4.314778,7.650356,5.971705,7.780347,6.654686,2.082561,3.810213,3.159966,4.802277,6.332505,8.995095,15.184712,13.755478,10.611097,7.410058,11.799930,13.515875,17.146712,8.289512,8.664242,9.601206,3.729840,9.739502,4.011498,1.973047,6.853756,11.011998,12.312006,16.828732,11.769881,5.358693,1.527527,11.093728,10.024625,6.905802,5.121893,8.965632,8.038550,10.672761,2.757630,-2.320424,1.697849,9.394847,10.030916,15.596780,1.474254,10.109362,8.106129,8.297452,5.882539,8.514806,8.356754,4.308665,15.657217,11.228137,8.062206,9.807284,10.460013,3.893815,12.011940,13.703720,13.791816,0.829426,12.146496,5.668367,6.389371,10.806121,10.496877,9.532879,14.642773,11.240265,11.405139,11.552328,7.759582,7.285395,14.297225,9.860622,12.940699,6.737154,8.265567,8.324636,7.351975,17.711034,13.259842,13.469634,3.082358,12.125122,3.564001,7.225064,13.273336,9.949201,11.461453,8.891512,10.971103,14.289472,12.421838,7.392460,8.534950,11.279869,9.648381,11.892689,14.028537,12.174100,10.200345,8.599500,10.086308,6.371923,6.107913,13.147340,18.374947,15.270556,12.890396,11.887944,9.475382,17.042835,15.997819,16.376104,12.132433,-0.080747,14.490327,8.411561,9.302405,15.067214,2.547298,17.826146,14.394938,8.261632,16.227910,11.808075,19.842133,10.003601,11.660374
10.341400,-2.105556,7.710159,9.070983,9.863505,11.586851,6.549549,5.709151,4.538861,10.531380,1.152707,5.711253,8.640957,3.430005,10.271174,9.145289,10.306127,3.136698,10.185306,5.183574,3.263172,8.506468,3.255709,5.350438,2.620895,3.165234,4.090749,11.640784,7.952543,8.265968,0.766120,4.084747,10.852985,9.483522,8.476117,10.876308,12.935947,2.721059,7.473964,5.084812,3.062601,15.634778,10.081707,11.300086,8.474470,1.986500,11.859691,6.497052,9.974263,4.730290,10.880913,5.643320,11.101389,6.523318,6.399757,13.801998,7.939153,5.442117,3.055486,5.805921,11.969298,7.810698,9.808814,4.782117,2.067196,6.599042,-4.757062,8.349680,-1.169338,8.413517,8.164702,5.993865,12.702562,5.636131,11.115186,4.507631,5.580640,6.250504,13.411619,10.192797,12.733425,6.387132,-0.418824,2.835432,9.649835,11.024974,7.978073,9.940693,2.831050,14.838967,0.748648,10.600518,-0.701452,11.575930,5.152961,7.114077,5.738256,12.422910,13.320830,9.077562,7.953518,1.217382,2.930744,11.207078,9.112455,10.431723,4.039911,13.271676,14.071214,8.770125,14.909010,11.568860,14.114317,6.138802,6.109772,11.597969,11.357846,14.192403,0.671982,11.738345,3.094809,8.289256,9.174000,17.798194,9.261048,13.242362,9.647986,14.570480,10.979274,10.211305,11.545306,-0.335429,11.369866,11.561870,12.695565,12.439623,10.924886,9.646957,10.895700,10.906762,17.512455,10.799846,11.926883,11.219452,14.443203,14.786887,8.948807,16.100329,13.193287,14.193415
10.434568,3.253251,7.560346,8.986263,14.648925,6.239865,5.913226,9.304879,11.188859,3.519888,7.208576,0.340707,0.905539,12.311094,7.277498,14.021770,2.655758,11.647864,8.263247,6.950750,6.299407,16.135929,11.186636,10.791927,9.586283,3.740575,5.535244,6.771537,7.936664,10.015917,6.669784,5.864814,5.171682,10.542249,0.388420,11.254022,5.058331,6.330478,7.834943,4.845516,7.678215,3.832368,9.137242,6.939762,4.336542,3.219162,5.017618,12.052855,2.074484,10.904467,8.036287,11.115608,11.504367,15.875755,9.781821,9.152404,7.360082,10.277408,7.787303,13.315376,6.412934,4.579306,2.634525,6.669188,12.755964,0.556540,4.709120,5.487767,8.489774,2.976346,2.657996,12.105291,9.964666,-0.581074,4.103528,10.039888,4.612590,11.229533,-1.434203,-0.252176,7.310540,12.246432,8.664422,4.490968,7.325798,3.555841,11.727098,4.157324,5.675295,11.069657,11.027563,11.861187,11.254399,9.188791,8.943332,11.078223,11.482113,6.994861,3.737105,8.012877,13.777071,11.502146,8.543777,14.593629,5.606150,7.445974,16.304144,5.457926,11.068112,18.791642,14.455025,7.339540,11.317901,13.979610,11.940450,10.856541,10.734665,6.827627,7.057212,12.739696,13.046538,15.502136,14.638304,7.861512,20.309724,12.848680,17.600728,10.510932,10.723660,13.516130,9.979265,10.833365,10.194516,9.275096,7.533867,14.184607,16.737367,2.699028,12.159483,8.346170,18.189753,11.571852,10.723851,16.929104,14.673971,11.096262,15.394961,7.324464,16.202195,16.552759
6.860197,14.204850,2.970131,8.854497,10.552093,3.275791,6.967260,12.447987,9.679384,10.037043,9.185022,9.861908,10.715569,10.811921,6.005851,6.077110,6.592238,9.230489,2.781649,1.609262,13.397019,5.334141,6.308284,4.878842,3.837200,6.774931,6.464280,13.908233,5.607255,-1.550287,16.572830,9.800846,5.086446,8.144040,6.941421,-0.262716,-1.019554,5.601847,8.795848,7.532351,8.188620,10.081208,9.662483,4.219482,5.580931,9.551197,8.736501,12.575791,16.130668,7.929010,10.010848,8.212041,4.325222,7.774601,15.510208,2.586566,10.946099,8.287384,7.112398,10.169143,9.643490,10.680674,3.646381,5.842798,10.955647,4.510831,10.930852,12.040051,-0.749869,7.003087,11.733939,11.773231,12.782496,-1.670557,4.222856,10.394957,-3.067794,9.838832,15.552696,-4.314915,12.148203,1.330381,19.058888,16.946002,14.303519,14.016691,14.451509,6.818610,10.193262,13.082155,11.478941,13.980471,9.581867,15.798877,5.003081,8.670865,13.644514,10.093451,9.020672,8.210161,2.306561,10.124048,11.734250,18.569281,10.567468,8.075206,12.495087,4.206849,14.022739,2.719051,9.063592,12.128418,6.347672,6.085565,12.494001,14.368851,11.347446,9.988590,10.983492,13.653441,9.165758,11.493881,16.607199,4.324892,12.012208,16.205501,4.977135,10.831833,15.553174,14.368485,7.847639,15.630987,10.810177,11.645462,18.609136,17.487007,6.840088,11.325192,11.886823,14.803878,3.751821,8.792733,14.213672,8.983411,14.017566,15.964074,11.833830,11.316931,12.039813,12.295329
-0.384821,11.508073,6.608304,3.894138,7.138479,9.623653,4.123430,12.960035,10.718404,1.330724,2.638630,12.734428,9.243844,10.665646,9.316740,14.612382,10.861659,0.219445,3.010023,7.288316,6.108175,8.324724,8.658193,7.803130,8.854094,4.836104,11.765381,5.719994,8.131989,2.854819,5.744977,6.330126,3.875075,7.510032,12.535836,11.150051,15.668823,3.068655,13.341997,1.811351,11.901992,9.774110,15.831601,9.956487,3.072517,3.667250,6.199103,10.564196,8.103359,13.421336,5.748525,5.989482,13.590320,4.683166,11.227654,14.516201,15.770390,7.292627,6.710594,15.957774,7.581062,2.403826,10.410139,3.013358,2.822293,11.313388,6.446353,13.579222,7.729164,12.286599,4.227423,12.425756,8.848246,13.200011,14.584831,13.930775,11.411242,8.891323,11.045371,5.117696,0.359231,1.104927,4.549821,3.058747,4.606606,12.921461,7.302248,4.603308,13.885429,7.860486,6.506043,12.150351,8.025930,6.345677,10.829225,8.508948,10.674003,4.503834,6.434060,6.614094,12.704073,5.985297,1.903652,10.925873,6.225405,6.307516,9.873188,7.299897,13.365710,13.604110,8.298749,8.927173,6.408625,13.250978,2.475667,11.310742,10.943392,8.309444,14.361810,14.575609,7.892732,7.731110,13.699754,9.299603,8.466884,6.289580,12.257749,8.006554,2.347287,8.759110,14.360966,12.951813,5.059114,8.365032,7.542126,19.455307,13.234734,9.749242,19.796284,6.459419,10.359392,9.668767,22.093147,19.079877,14.363717,6.707422,12.542606,8.720136,16.868914,9.782435
-0.088101,6.640647,4.400287,-0.273363,9.518860,9.622191,3.353715,12.443089,5.499177,5.121020,7.723063,8.994401,6.208594,4.846720,2.224699,10.937621,3.196198,12.572388,11.170477,5.563906,7.070524,6.228559,0.538408,8.898729,5.373326,4.955862,8.709142,8.710698,8.820317,-5.879655,2.750960,4.862889,8.373479,6.753346,7.201737,5.350526,-4.539049,2.214682,9.125122,4.023219,11.103033,2.325621,9.372683,9.253144,7.708262,4.029315,11.418224,10.174109,1.949943,2.508880,17.154928,6.271563,4.702033,6.567117,9.912955,3.901180,12.185314,5.005066,3.209208,8.410671,12.353235,10.031422,8.065332,14.143036,9.857874,6.458803,12.101404,7.533262,8.281049,10.671560,11.187059,5.878680,13.252863,4.621882,9.110782,9.837149,1.302075,14.868175,10.682605,3.119305,6.422664,10.219024,14.079539,7.854456,10.317607,4.390182,14.061940,5.679013,8.564436,11.935952,11.674240,15.102892,3.890479,13.771902,10.784698,11.868548,11.428331,1.651046,7.848891,4.065774,6.102675,1.044596,7.387289,7.254852,4.996415,13.968354,4.308651,10.557586,12.084379,8.134811,5.269231,9.992951,5.872317,4.310152,4.810793,16.362771,10.565492,9.963334,15.240643,17.300226,13.146237,11.908687,16.269079,10.237812,16.459990,15.780736,3.610747,8.883658,11.860442,10.151965,3.519731,8.192417,20.041003,0.525578,10.102805,17.362312,5.241908,13.873467,9.171808,9.665802,8.734355,12.691899,9.091898,15.717972,9.389915,19.340703,14.101208,14.407662,19.245402,13.433850
-2.317311,3.601702,8.474264,4.853399,10.116440,3.259279,7.257379,8.286335,5.283323,5.882469,7.660413,13.723179,5.894991,9.937721,10.244306,14.134294,8.769955,9.605226,4.456128,11.112242,5.656296,4.371004,9.524685,9.191110,3.835161,15.775406,10.563138,10.373541,6.533888,10.766382,11.858585,14.268548,10.229295,7.903759,-0.732622,10.427730,4.747144,3.761519,12.778281,11.398285,12.850382,9.724554,6.580855,8.088394,13.059055,14.797665,10.908609,7.095762,9.029972,7.467298,3.356162,12.780878,7.020949,10.111899,9.160626,12.434289,10.568042,9.438073,1.358488,7.583926,13.881330,6.510947,4.244139,4.138724,14.313442,7.324992,12.838903,4.951873,5.141970,10.518906,9.838108,9.989801,-0.695937,5.981553,13.923049,2.310833,12.752270,8.005783,9.111632,9.243928,11.827444,11.162195,7.654479,10.377752,10.419951,8.015011,7.227815,12.680048,8.339412,14.181368,4.429880,14.635814,3.500528,13.011645,14.344726,9.421458,14.937245,9.850710,6.581811,8.071872,16.757650,5.573990,13.865727,5.590592,13.653476,6.399346,14.450437,3.731864,9.176449,12.797904,13.499489,10.466410,12.505121,14.584135,12.641652,9.945676,17.975224,11.326978,7.431592,10.003147,12.995165,11.109518,13.012355,9.906102,15.211867,12.043933,13.522010,-0.890126,14.281175,16.795606,12.371710,14.121570,11.460596,14.258711,8.814328,4.246986,11.932783,6.718463,14.689478,18.630097,18.265131,10.729294,14.814391,13.209600,12.331719,17.037425,8.790143,21.432291,11.332528,1.559408
12.727471,8.454897,4.855008,8.200910,6.842985,7.876071,5.187381,10.240079,9.466778,6.321177,1.925676,10.589359,5.029185,5.140460,11.294819,13.082565,2.340802,4.999150,13.726166,10.518659,9.038131,8.274225,12.997751,5.394746,12.035426,10.754169,-0.788512,8.627583,7.448376,11.685932,7.940888,5.658799,13.527859,6.662475,9.629275,13.007921,5.860686,6.293743,9.308322,6.593574,5.213094,8.117812,-0.350795,9.885230,7.408182,5.228703,1.952198,4.950276,14.013704,1.933044,-1.670875,3.815110,6.005249,10.301889,6.435663,11.671485,7.960413,8.361240,11.257872,5.269591,5.646641,0.781924,7.978151,6.360698,7.173826,6.992883,11.302632,13.396113,7.628958,11.673593,4.049291,10.571692,11.513083,9.244556,2.896243,11.158372,5.497566,13.157944,12.884886,12.417099,8.103151,9.284420,10.225326,9.489428,12.815398,2.405624,11.624581,5.804059,8.201453,17.576366,6.358741,5.168565,16.854062,7.285958,11.721187,8.700837,9.169824,4.462793,15.225696,10.754518,9.003091,6.465698,3.601179,8.817956,9.726895,7.559828,7.509771,11.006251,12.037079,7.024492,17.069562,18.835295,17.349258,12.421643,6.783992,12.771057,7.585922,8.940124,4.269998,13.461735,13.714734,4.534523,18.401460,12.054568,7.454065,7.585738,17.928933,13.529832,12.643819,9.546848,16.832032,7.493456,8.769795,10.062749,17.915665,6.940771,3.104257,12.243167,11.027425,16.471179,16.938160,8.964656,7.999705,17.997528,9.772198,13.511481,14.256954,9.597335,13.339822,12.493107
8.722199,3.434653,6.590642,11.240044,8.846383,8.297101,7.338066,13.628899,12.247384,7.660278,10.606659,8.201740,7.370769,10.927192,10.221638,10.492035,6.765869,8.030254,4.207699,8.117520,4.854499,3.185982,6.771558,10.597991,11.048622,5.402988,12.019027,6.033920,5.785265,2.196453,6.754571,4.223268,6.985138,8.053321,8.780796,8.019031,8.211564,6.543986,9.586370,3.010049,18.787468,14.582303,0.887457,11.851042,4.361222,6.044306,10.650565,8.011303,13.243115,13.801649,8.894148,7.742281,11.922867,7.359447,5.466748,8.456723,10.384317,4.667865,2.310692,9.511376,15.392044,8.637976,5.606274,8.082228,4.506381,6.249910,10.578776,10.450504,7.681975,9.052370,11.751045,10.964960,7.226198,-0.019780,10.747433,11.110003,5.534260,6.787667,4.694784,9.731862,6.616823,6.536738,6.624573,5.236184,9.440847,3.364781,8.338852,8.273758,7.904017,15.258807,4.962189,10.912500,14.641478,12.143166,10.954564,9.273914,12.087191,6.630733,12.510404,13.399043,6.432126,15.063581,16.940605,17.424269,11.561368,7.691560,17.037531,8.934683,3.725493,8.962732,8.760353,12.215521,14.891728,9.585761,8.416285,17.618977,12.768627,11.651685,6.268678,12.271356,8.755058,8.461381,11.789123,17.175454,8.498878,14.685533,15.568554,11.146393,1.418539,10.720016,12.250394,9.988086,8.436774,13.473798,11.104831,8.629466,8.182254,12.549565,12.851263,13.454403,12.247961,5.537836,17.050153,10.471527,9.826237,10.550322,14.183326,7.249831,12.617120,15.694285
13.589252,3.781144,10.221608,-0.693477,3.839142,6.262957,14.631373,3.111401,9.393700,5.650426,3.716448,5.065898,5.489017,9.739956,7.279180,6.627423,8.525653,13.182488,6.118732,8.520793,6.176457,10.780806,4.694986,0.875912,0.276132,2.301432,8.664559,8.448664,-0.966966,3.513034,9.261633,-0.787850,11.528226,1.892964,7.265013,10.688887,7.350912,12.433440,6.994386,2.161123,4.800248,18.120170,13.369388,13.322442,4.136739,9.802077,8.535238,8.458712,4.060374,7.533352,5.628245,6.487488,11.559766,7.925217,8.696637,10.617511,10.386015,10.733776,11.672192,12.875380,0.444045,6.070572,10.694859,3.647918,2.879392,9.581450,6.763825,5.692660,13.206984,9.216409,6.064391,8.142459,8.096930,8.210699,14.819753,2.870508,3.865778,2.964987,5.954371,12.126414,7.852006,9.617638,8.743982,7.240098,7.011119,11.900139,10.525225,3.828790,7.894143,9.189378,7.666653,16.242521,8.497346,9.394695,7.986684,11.153024,9.231713,6.533016,5.676758,0.097656,13.938442,12.809988,9.594046,8.041111,13.084573,15.497598,7.141670,8.359736,7.608835,4.098045,10.246993,4.970218,7.183063,5.664991,12.137438,11.094849,7.996790,12.621539,12.161048,11.160484,10.722398,10.390319,13.765935,15.512166,3.671770,11.610963,9.318286,12.635812,8.174333,10.342488,15.031928,16.412696,15.339194,7.117986,7.853126,9.859121,4.281360,10.966919,12.916613,16.704624,13.966079,14.697483,14.479615,12.542804,14.477016,15.354414,12.738773,16.652460,15.580199,9.792540
2.641444,13.329338,3.863680,11.450359,5.057039,1.547249,10.547775,5.481950,15.344652,5.235461,-0.354617,5.503049,10.702451,4.317553,11.786552,11.054765,12.241632,2.678352,12.350328,8.655266,-3.279065,4.992049,7.324473,5.081359,3.740489,11.882714,11.108557,6.541897,10.976760,7.060967,5.248401,8.980265,4.276771,5.844727,6.065881,8.203741,5.447023,11.939041,14.414730,3.108099,11.821826,4.906715,6.242737,10.331653,10.139943,4.204320,9.474332,1.261021,13.685184,8.327945,11.069450,-0.078875,0.761436,9.117305,13.113903,12.193043,6.973826,10.819751,12.019060,12.714812,11.867735,8.363154,-1.944437,6.000544,7.775777,14.403995,7.711759,8.551214,3.781429,0.524643,12.494245,9.913674,8.913956,9.500314,1.228663,10.417562,3.760814,12.350506,4.526673,8.527093,9.967453,8.876377,7.516172,7.930793,12.720443,7.315944,4.720246,13.044454,15.630240,15.789449,-1.547104,11.820966,9.879499,16.987796,6.208433,6.942937,7.032111,13.742569,10.935775,14.691571,16.711958,15.540242,12.197522,15.885924,10.393858,13.042895,12.915416,11.560019,12.578614,14.138863,12.194461,8.554579,10.077889,13.665207,9.811782,11.689999,13.789552,12.589618,8.482277,13.970576,3.876705,13.090820,11.757180,12.556125,7.603397,3.325083,15.571280,12.582404,9.863727,12.949084,13.210930,17.642952,12.151196,17.121583,13.672081,10.723060,8.329218,12.857651,9.476860,12.640665,13.128705,13.684665,16.157111,11.706921,17.982549,14.980851,8.078465,12.088232,9.239094,16.040095
7.911285,0.785267,4.505539,4.312428,5.243007,4.898745,11.329028,7.483076,3.318494,6.259461,-0.998834,10.637031,6.390985,5.041705,7.934142,8.815269,8.286210,8.437876,1.199802,9.909136,17.477074,16.773614,8.841365,15.358066,1.316262,7.195460,7.008039,12.314869,5.946071,3.375801,4.805894,4.064456,6.505425,14.429053,8.628076,0.465026,5.338881,11.212113,13.782063,10.083505,10.392771,7.224081,12.491801,8.789408,7.974853,6.857764,11.322787,5.215837,7.641812,4.715884,6.029995,5.011919,-0.142347,1.002590,11.555285,3.833836,12.140933,9.240562,8.708664,1.347135,4.582563,7.815093,0.734077,3.430726,6.716940,-3.157700,9.951652,7.995477,8.156540,13.542578,11.254214,11.935502,3.535929,12.141123,1.117516,14.408369,7.052307,11.438811,3.591701,6.717655,4.564133,-1.527612,5.588130,15.450632,5.085233,8.624401,1.584115,5.106388,12.025277,-0.351285,12.769532,10.736590,3.958423,13.242773,14.139854,5.573486,9.995817,8.940673,14.217510,12.133629,0.929460,12.211118,8.951241,12.159585,7.624540,6.825201,6.893886,8.027166,9.956293,14.809741,6.844105,9.630721,13.288520,13.427783,9.220652,18.012907,-1.385119,13.972903,6.589808,5.909872,8.476219,12.969558,4.342508,12.386838,6.044092,8.023498,6.995755,-1.461376,14.144086,6.569208,13.211375,13.186372,13.600092,10.683717,16.189579,13.773003,14.105222,10.023539,13.774198,14.440202,11.721068,17.515924,13.772029,13.704979,9.010916,17.972287,3.405071,18.226749,14.459012,16.322440
11.524254,5.515492,4.065638,14.937552,3.165578,7.496495,5.220051,7.766032,7.236931,9.191251,12.657698,0.435833,5.303665,3.028922,10.978412,6.335563,4.244240,9.391177,7.297924,2.105607,5.668397,7.101889,10.438556,7.497252,7.154932,3.171403,11.848033,5.310121,10.754134,9.629561,3.690624,8.315524,10.030843,12.833081,9.094469,7.707168,12.997318,10.305006,14.178737,8.230100,3.913836,12.429823,7.019022,9.718440,0.248076,7.463645,7.391354,6.584899,8.153587,9.821062,6.505305,2.366821,6.805250,10.557470,4.043717,4.779792,7.476870,7.591889,14.927388,3.820968,11.987997,2.161388,10.112318,11.834638,10.907874,10.770607,7.187887,9.945481,18.102670,9.092916,14.755428,7.724028,11.639994,-4.503478,10.817519,11.782592,2.983195,9.588569,8.546916,13.146169,12.090840,9.513484,8.273998,11.245710,9.761296,7.670240,2.910029,3.278992,5.894174,6.948646,11.180169,12.127578,7.431245,7.446905,8.330399,4.262676,5.677695,9.796047,13.445511,13.806574,14.908725,15.236506,8.290265,8.737268,10.642247,17.017913,15.141161,8.626181,11.633324,15.425220,15.707659,13.237255,10.345780,14.316703,11.605610,5.862490,6.929806,3.712044,-0.170833,8.134047,7.279597,12.916159,11.104893,8.678312,11.733494,7.875297,3.363513,15.522166,8.568962,10.447919,11.478507,9.301550,5.795692,17.251168,13.736558,10.475948,5.048494,2.916443,14.815825,12.235925,-1.965128,15.799969,12.908978,11.112005,12.960909,3.336015,10.938494,15.578131,10.018598,8.073345
4.299675,5.805459,5.170633,7.817779,11.269366,11.102463,6.445914,6.016803,10.291557,5.104961,7.434856,-1.384124,8.473570,10.216060,7.811277,9.247100,6.057340,4.509217,5.768736,4.579091,7.262547,16.410573,5.854527,6.144241,8.734577,11.165944,10.654206,6.672680,8.030254,10.485206,6.114930,1.702978,10.996702,4.520173,10.295945,12.611440,16.112088,10.134325,7.899879,9.378690,10.165913,10.167871,8.635874,8.473276,0.231440,6.615705,8.000248,8.221537,9.364820,7.242537,13.231907,8.334953,10.347747,9.594421,5.901494,11.038600,2.985303,14.929718,1.123757,8.743996,3.646039,5.314613,10.090296,9.493219,10.955607,5.563202,1.869720,11.908467,3.450045,12.534516,6.530127,9.543860,8.966608,13.255093,5.864644,7.952709,11.816077,10.571494,2.903031,7.549395,11.972463,9.870664,14.864010,10.470655,10.154958,8.342103,8.967416,2.867034,14.273569,8.680606,11.688528,7.115886,8.989377,9.600821,13.648060,11.472584,15.378121,11.715094,9.722606,8.644191,9.809797,5.111665,15.930860,8.615213,15.531662,9.142993,10.024659,8.074106,6.136622,9.147564,4.981570,8.193557,12.068020,10.392405,16.571444,15.953401,8.023097,13.225115,9.234809,13.230434,15.546070,12.085093,14.850284,8.366758,14.570962,9.629059,15.512047,5.929668,6.257770,13.067428,11.799875,14.073280,10.196165,16.303741,9.631296,8.007877,7.267355,8.167978,6.001570,6.879732,7.584469,13.526510,14.105319,8.466835,7.320775,12.453639,11.816392,13.992467,9.475443,17.540784
13.481002,-1.819063,-4.092556,13.978119,7.804771,7.960360,7.321454,7.108616,13.460810,0.627018,5.523273,11.143530,12.992424,18.649540,5.364859,9.400455,11.163008,8.052849,4.609703,11.117072,6.418141,2.477908,8.393266,2.602967,16.877427,7.054537,2.884014,10.096376,3.149617,3.634411,7.047767,7.054107,3.033363,11.350170,4.168693,3.072955,7.432083,12.345764,9.018615,13.660467,3.813649,6.652523,7.049258,7.244409,16.424101,13.220364,7.600203,13.810134,2.382028,9.332691,7.253931,8.672591,10.533786,4.130681,7.464483,4.987472,7.528956,8.285409,8.507469,-3.729834,6.417524,12.570821,10.562194,9.717555,11.888235,8.982329,4.231143,11.163360,5.048006,7.537549,5.555473,13.372260,9.398178,2.758760,2.896058,9.760225,6.705027,4.449884,14.389224,4.389605,-2.215609,3.561564,11.985854,6.257140,5.577678,9.521039,10.318360,2.349962,10.940066,12.191534,14.939451,6.309327,13.982221,5.216253,12.520186,10.117284,16.994590,17.305547,17.373461,5.479416,9.822654,13.122633,5.818726,10.391093,12.614384,8.681541,5.446397,6.553340,11.615865,14.337862,9.408158,1.626999,2.329582,11.086276,10.973004,10.265864,10.788638,5.579758,1.177200,7.839505,14.892048,11.044337,12.595214,6.684250,11.751351,14.269464,8.680410,4.405185,16.220004,12.535882,10.435763,9.449113,16.646426,15.588247,4.227622,6.073244,4.091571,11.493541,16.206380,9.703162,8.267850,6.289126,6.064337,9.202613,11.584839,15.821656,13.721480,16.520847,15.312757,7.858046
6.919101,3.562457,8.005356,13.386894,12.341947,9.127654,12.699587,9.822977,5.730854,1.599077,14.952558,5.559114,7.316816,10.472981,14.930545,4.325891,4.284068,11.971566,3.035429,6.262075,7.445367,1.920154,9.263431,10.607939,1.180721,1.190726,3.640371,8.731113,12.582088,8.665612,7.872081,4.842558,12.455715,8.641605,4.708822,14.231179,8.354404,6.163168,12.830775,5.872128,4.844035,0.445052,6.881225,8.128198,7.775163,7.947914,15.909678,11.254099,5.725859,2.781958,12.329852,-1.830879,13.409542,14.584016,4.712803,6.495332,9.791802,7.267568,12.856326,8.184357,7.566740,5.212655,8.947826,8.277789,2.837423,13.062739,13.012495,-0.792517,6.248911,11.582688,14.087690,12.111063,10.508158,0.463322,8.291231,4.168446,4.444274,10.413462,2.981271,-2.287159,1.604321,5.796060,0.743371,3.609971,11.193535,9.016541,17.963050,5.623712,13.672126,12.566497,1.501605,7.635757,3.383113,8.413273,12.051142,9.600061,12.471209,16.712920,10.865013,0.928429,16.676831,5.757887,17.020645,13.914488,8.457604,4.153574,7.696507,13.701317,5.968263,11.049789,9.451541,6.574177,14.037755,9.546798,10.068426,2.018720,3.845875,13.907399,15.136573,15.862057,14.733816,8.350679,10.445607,1.170836,5.489712,3.849125,11.506387,14.410397,11.583740,14.416176,15.033082,14.840970,13.698004,12.020227,13.440734,10.942580,5.588214,11.608266,5.355430,11.889251,14.808711,11.929250,16.404098,6.893978,6.858152,14.831991,15.473894,10.756442,11.508381,12.950709
10.885803,4.059101,8.014168,11.795254,5.995238,9.394375,10.020403,2.434468,9.763024,10.814678,11.345794,3.730095,7.591804,8.258741,9.677619,4.230944,8.142467,10.407880,9.074362,8.295267,9.290639,10.002810,9.407588,14.167033,11.899271,6.326406,6.812582,6.855442,12.239108,4.906460,4.024435,4.901664,0.179291,16.027442,11.908685,7.882300,3.512762,6.288698,11.598874,4.654997,7.976036,3.581844,0.936080,4.038388,4.848241,-2.593065,3.007383,12.245018,9.148191,7.603629,11.083485,9.516209,9.580766,-1.755306,4.875518,8.757251,5.549010,4.557059,6.887957,10.527033,13.767305,-0.034363,11.966000,7.721187,4.546330,8.102248,10.830090,7.011050,9.780548,11.105998,-0.231806,6.607133,13.231633,1.457436,10.341171,1.290511,10.199714,9.422057,4.486399,5.320066,4.981015,-0.090652,10.324258,10.522689,7.436940,9.524397,9.822677,10.328873,10.616576,4.791552,3.425267,6.975466,9.916169,8.746764,7.847007,12.345883,12.401470,7.449626,13.198655,5.812836,3.370870,5.628857,7.652293,7.208102,9.464228,9.716466,16.814920,10.763078,7.038246,4.600246,10.101711,8.381157,14.821783,19.206154,2.081227,11.255425,5.532731,14.711861,12.078294,13.757690,12.583607,10.374629,9.497032,10.627485,13.920335,1.367401,8.423155,3.929526,19.808882,12.558511,13.418054,7.580882,11.930336,11.674939,12.590223,14.491277,15.267709,16.776187,9.154262,11.996989,12.593445,9.086559,5.777578,8.179751,12.159487,12.782514,6.662071,11.838637,17.557648,11.283944
2.419012,7.732899,7.218575,6.921670,2.076804,9.727930,3.387784,11.456275,4.382357,1.318549,6.850021,7.187579,5.519890,9.657329,9.544737,5.829147,13.712921,9.474035,3.903081,5.382783,7.130776,9.194116,7.842389,5.478466,7.065486,8.415396,9.350975,6.746098,5.715988,4.750309,2.939672,10.987972,8.263531,10.944643,8.533016,3.077062,9.083638,10.200158,9.794606,3.129881,2.487067,14.249259,3.919227,10.107716,10.834220,11.644538,6.925941,-0.512795,4.809844,2.231995,12.377149,11.921901,9.035540,10.930603,0.777460,5.827873,10.829269,12.865604,6.011111,4.837493,-1.316401,18.782655,10.563625,8.914481,-0.522419,6.850187,0.697413,5.433260,7.531440,4.489681,6.441116,3.359983,8.904852,8.859537,7.428269,7.411320,11.394232,-0.261090,9.621034,8.504298,2.040281,5.336324,10.107608,7.430807,-0.877331,3.493217,12.630763,6.045918,8.762950,10.484942,7.924666,7.884174,16.263854,5.769869,7.702659,11.832029,0.408334,8.694051,10.782617,3.721702,12.426718,8.586122,8.566297,7.803626,6.926958,12.040471,6.273023,14.471484,18.044889,5.463807,7.161212,10.688669,13.369074,14.376280,5.562754,11.147774,14.342175,6.956669,5.475072,14.238770,12.796733,13.688440,6.005785,12.256981,9.343586,7.943405,8.955293,9.160603,9.211228,12.616794,8.940486,14.910432,14.675763,7.214332,15.604513,10.053203,10.894154,11.987357,19.975335,10.585396,8.640702,8.677094,16.015735,7.201748,17.242903,11.399939,6.571211,9.832179,4.291407,14.724941
3.701888,8.488507,4.709511,1.007268,3.511193,14.421483,5.081043,6.235880,8.659293,8.271446,5.411378,4.288717,5.163189,-2.412375,4.360498,9.457980,9.434425,9.158779,17.088459,0.487747,11.082421,13.137757,1.968155,6.328678,6.879009,7.751300,-3.587479,8.845308,13.493823,8.344292,4.728101,2.089602,7.387015,1.739384,7.945344,3.550491,15.048580,4.199019,5.297653,11.687695,8.883307,5.920041,6.542623,8.602008,1.984807,10.869794,16.851651,7.388053,5.611619,2.327596,9.326892,8.906169,16.879817,3.559176,3.516227,5.062394,10.121600,6.379205,8.591242,2.464962,5.018161,9.373197,10.777767,9.519144,4.433167,13.284809,13.228115,9.710643,10.343310,14.728156,6.165970,8.872482,10.640089,11.944241,11.624477,16.094080,8.393132,7.475963,10.833198,9.917466,7.035923,-0.817437,2.612514,13.629555,3.602151,8.312358,12.903882,11.598148,12.135593,9.503567,9.793755,2.710285,7.028668,13.289657,10.387266,8.202598,3.505945,11.473310,12.396970,9.471637,17.275588,14.789161,13.770184,10.505241,5.346619,7.474701,6.942536,18.296110,4.402428,12.943113,8.692842,16.556705,12.701446,9.960812,11.243699,4.805332,17.992109,14.811955,11.805046,10.244899,5.790102,10.083091,7.191197,16.153143,8.951691,9.150864,14.247251,8.197408,9.325663,10.101764,7.110551,9.825056,17.722660,11.369965,12.535947,12.898403,8.157084,11.263387,11.699551,11.953201,4.221013,1.755335,8.284257,15.099815,14.394376,12.334927,11.512214,7.062492,10.576133,4.940150
2.867558,10.945934,6.102854,1.778770,0.565596,7.747789,9.157452,6.864565,5.349039,3.088904,3.036843,6.854325,3.321093,9.214644,5.382306,7.177027,9.301007,13.205397,1.784407,6.673937,9.603332,9.835107,9.004361,13.065170,0.790080,10.701000,7.226885,6.573177,11.052573,5.822287,5.640710,11.145396,0.175090,7.586901,10.741435,3.477939,6.187095,6.100618,5.801667,8.948272,6.576502,9.797782,12.428091,3.836176,2.781775,6.422008,12.701820,8.498218,12.648399,11.077619,8.892605,7.732638,5.840181,12.503682,2.902339,3.006271,9.700576,11.042360,-0.549990,4.516970,4.280939,11.569964,14.210207,7.182409,6.696213,14.794117,8.950996,4.160185,6.310511,5.126091,11.655328,13.116101,8.202263,7.999938,6.234236,9.539096,7.942066,7.739629,5.517088,11.438162,12.878349,12.452961,7.771304,4.595585,7.914913,9.856820,13.430279,10.828294,7.063994,5.519368,9.571760,2.478471,13.743260,8.532266,12.218985,8.555338,4.606372,15.711578,10.934981,6.586773,12.231924,13.106130,6.518393,9.285041,1.420762,9.849006,12.339288,9.790847,8.768093,14.093409,3.707367,12.126400,14.607349,8.701780,12.665059,12.323721,7.895926,6.072549,1.944429,14.583946,11.331386,14.500462,8.614416,12.353396,15.908230,2.979376,1.951805,13.556513,14.916454,6.314320,14.331449,14.341714,7.757521,8.552458,1.861858,10.190250,9.268702,11.051231,12.476600,12.717817,14.499498,8.617718,8.660308,16.614965,18.068041,7.108582,10.047418,19.815164,16.797816,6.687498
13.376241,5.894266,16.459891,13.853700,11.598298,1.639822,5.569090,9.110490,11.741876,3.370770,6.654493,7.052656,1.166908,9.811205,8.359500,6.890685,10.598565,11.412007,-0.253393,15.336342,11.943087,6.200499,9.793576,8.480173,-2.068598,5.673533,9.332792,8.887821,8.887677,12.524463,12.403976,5.387089,13.695259,2.688501,7.791556,0.563605,9.201947,8.199605,2.116234,11.657764,0.258764,16.051753,11.676099,1.156576,9.166899,7.009464,7.323388,10.633782,6.451565,3.586569,5.054558,12.038000,13.863873,8.320284,2.066419,9.135581,9.384816,5.272637,3.047549,8.768238,12.221564,2.202545,6.214422,9.415827,14.086386,1.962533,12.324762,7.210914,4.052489,8.089598,9.060974,13.808099,6.340308,8.498661,7.421200,10.421901,13.800845,11.600807,13.003928,9.003063,4.363567,14.281926,14.135916,9.417727,5.482152,4.087789,9.279420,8.049926,8.415598,7.024034,11.896954,11.299851,3.212774,13.907444,10.071980,5.226564,7.629336,9.983324,9.297523,9.844811,12.363260,-0.837604,10.846750,12.597478,8.202610,12.487865,12.065832,13.559179,7.403242,10.004674,8.177395,5.610997,10.029966,8.177035,14.605097,14.748500,7.055943,5.625555,8.208659,13.761964,10.711494,9.281990,6.892819,12.956416,4.276576,14.800915,14.146264,13.092336,14.533249,8.556665,11.536429,16.076771,11.444053,10.917345,3.498640,11.433766,4.099354,14.047750,15.256657,15.004579,8.218566,13.410969,15.377505,14.981380,9.465368,3.521008,9.370004,8.041540,12.093043,7.350791
0.135512,7.763023,12.427425,9.218023,11.152404,8.710576,3.979903,12.993163,3.648859,10.347279,5.645954,6.643133,15.354101,8.860774,6.889726,9.611412,6.969716,3.046259,5.192198,9.909395,9.713724,6.133978,5.903470,12.460487,14.105506,6.184651,8.555215,11.798133,9.742806,11.021512,8.069029,6.953403,10.399242,5.834779,11.711809,2.989297,13.488130,9.637558,0.294687,7.963506,18.615598,5.914412,9.300157,1.863951,1.929771,9.409847,10.115203,13.354544,8.018597,13.462589,10.961885,2.080160,8.154197,13.185565,7.441856,6.547510,7.210571,9.245378,8.996447,10.156648,12.117464,7.286851,1.135010,5.271627,10.663431,11.565386,11.796720,12.201389,9.014933,6.400851,7.567355,13.593118,12.309516,14.378581,6.009324,6.551056,8.649032,9.885322,8.383959,10.206983,7.583528,5.973452,10.368971,12.958616,3.843766,6.528000,12.578034,11.691664,6.002400,7.112713,2.682022,1.028748,11.153561,11.062975,8.437053,10.851122,14.050593,7.538699,13.711623,7.172475,2.003868,16.192076,9.704434,14.159452,7.371529,7.897704,5.770448,0.418291,9.272072,10.997148,14.137761,11.580253,10.831187,14.819054,15.613489,12.665934,12.901984,8.367151,4.241395,14.527835,7.611484,6.073033,12.357407,19.429354,12.654714,10.074181,12.386463,8.640864,15.549992,8.681559,9.582659,15.299761,13.736373,5.278758,14.419213,3.048615,9.708135,12.053625,18.960993,12.758570,19.266850,11.995105,14.940664,8.540783,9.825294,4.061095,16.538124,11.053892,14.762217,5.891585
5.339761,10.118131,9.043502,8.245987,5.597686,8.372623,6.929360,4.383152,0.992794,5.490713,8.593132,11.407599,2.963820,7.406848,5.019538,10.203708,9.854713,6.821787,7.620795,3.243946,12.534737,10.198893,14.004936,7.749019,3.004149,4.921888,7.002904,11.982979,4.196392,7.133191,5.546095,4.622426,14.665282,10.737733,17.363297,9.578498,11.096802,9.319939,6.840900,4.004202,3.639393,4.838758,2.129059,1.526725,8.678125,15.184100,10.579917,4.944428,5.460331,3.365589,13.327938,9.611254,5.095976,11.357750,7.491063,-0.308703,1.470798,4.917776,12.397693,12.666038,4.291830,7.145005,7.652018,4.337182,10.352358,5.175842,1.208080,6.729285,1.542480,9.324945,10.633059,1.191084,4.420121,6.909204,9.147068,4.879523,7.236152,6.336411,9.848701,3.647832,10.459764,16.425105,11.529593,9.056058,16.149550,9.687324,10.907624,9.688885,6.957664,11.627348,1.801085,8.826422,2.891917,15.634359,9.575625,15.162360,6.895224,6.450840,14.950049,6.396368,9.383879,16.473462,14.722624,9.066498,7.916819,17.027166,7.960036,3.195371,9.621106,9.929599,11.569350,8.901210,9.758332,12.834500,4.039727,15.430282,14.010841,11.226845,11.850534,5.599046,15.118069,15.692385,11.923900,5.989532,7.034116,15.186934,5.364970,16.495705,10.404446,9.994019,6.620394,1.209805,10.463469,8.606485,5.979773,9.525525,11.746398,17.515868,10.610015,6.287568,11.066188,14.799582,7.086247,18.219984,17.561813,20.348508,13.220975,14.979000,5.501191,15.442803
3.065427,8.312099,3.607826,15.257844,10.416159,0.256773,9.479878,5.818924,6.057736,7.789146,6.184538,4.941124,8.007526,12.765649,7.579721,9.488568,10.480898,10.457346,8.137393,2.862614,3.004152,11.834531,8.856319,11.726073,5.319261,6.462012,2.923807,10.396690,3.577072,7.287585,0.316347,6.769355,2.888455,13.361909,7.014129,7.051392,0.720604,9.183098,8.369621,12.580865,3.713284,11.440131,4.870347,5.686378,9.608346,14.667068,1.400164,11.028127,9.788817,9.635025,8.184084,4.736397,5.858354,2.773689,8.085137,0.714820,4.180048,1.822691,8.058201,10.487001,7.435640,5.705709,5.964673,9.400407,11.448852,6.788210,12.931445,6.892660,3.619014,7.349663,9.733184,13.609443,10.698265,6.244302,8.164686,-1.813046,4.334030,9.046665,5.794547,3.025248,9.505263,7.363590,6.318361,3.530113,13.429233,10.410107,15.965651,14.849320,8.014365,8.911366,11.238731,7.886739,15.549283,5.658983,14.736617,13.756059,13.110551,15.920045,12.843626,14.255399,4.893153,10.768905,4.016445,15.970046,5.321049,9.005248,6.100679,13.955024,10.889299,8.922846,12.026633,9.875764,16.587272,11.071771,10.794005,15.880518,13.016216,3.517846,12.742355,6.385514,16.278205,3.995143,15.905382,7.064873,15.587055,6.809921,14.093803,8.506952,14.878258,9.237844,13.097251,10.660405,14.295285,9.555844,13.579104,20.322980,7.783359,15.915575,17.363710,13.281826,12.565287,15.529341,3.733000,2.604302,11.991209,9.853710,12.750216,17.387530,10.643321,11.652883
5.357357,6.028814,4.806238,8.622971,11.606477,11.506272,3.075723,-0.194501,12.950142,5.600363,7.694527,14.726669,7.414055,8.716495,5.098618,6.124228,13.476208,12.465927,9.383766,6.268230,6.115061,7.407361,15.397734,4.227226,6.708740,14.420608,8.509768,10.895446,11.984076,-0.081766,5.224504,12.197114,9.364621,7.551505,10.683903,7.121908,7.790966,8.433679,3.822899,8.653455,5.191647,3.249502,11.026177,8.707683,-0.912829,7.256025,3.006674,4.635823,7.038382,12.765024,8.800386,10.588905,8.303960,9.394425,12.736961,4.673486,11.388347,4.713762,0.924398,9.372649,2.579258,13.871693,9.449482,0.332836,11.269010,11.874973,6.582592,0.188354,7.522713,6.695701,15.555010,13.211935,6.189747,8.454259,9.057445,16.944812,10.132426,9.452542,8.958274,8.168111,6.184302,8.083187,20.245406,11.767492,8.061617,5.116575,8.502795,10.950564,9.446731,11.815701,12.937562,9.892467,13.816291,12.184530,16.889346,10.442359,9.468422,10.670885,2.873736,8.309447,7.244564,6.642427,8.566936,7.258675,10.753770,8.035965,13.348788,12.562609,12.350857,11.268940,8.440748,12.980424,14.798051,11.450599,7.346978,6.794757,2.311808,9.943832,9.295665,2.864612,6.288848,11.626694,6.647584,5.458448,13.698194,8.438043,7.881369,12.953753,11.707366,6.074784,10.885318,9.714414,10.812371,8.465529,5.765670,12.075912,12.863663,13.665027,10.925428,15.278279,5.383484,9.172095,11.546980,13.289920,11.154159,10.741543,8.670836,9.931121,6.068179,11.630225
5.599970,12.979138,0.423741,3.006615,7.698330,0.007680,9.882323,2.385647,4.743863,3.604658,6.174710,14.480979,10.666755,5.561139,15.921245,3.848967,4.101884,5.690582,5.795069,14.854882,-0.243079,5.047249,7.482884,-0.403902,8.512156,9.181330,3.767817,9.502667,11.608145,10.608956,10.402430,5.747216,10.437006,8.474027,7.317338,7.706696,9.480439,10.716463,11.468122,6.731100,7.863528,9.313509,4.283161,-1.750439,0.188714,7.008548,8.174245,8.018010,5.812539,1.499899,-0.446281,6.578197,3.250921,5.276019,4.960755,10.517990,13.215726,1.166650,7.503144,14.392266,10.428766,9.040478,10.434395,14.811499,6.977574,10.652327,3.860567,8.584789,15.013866,6.786302,8.638308,0.587990,10.746870,11.395046,11.511648,5.934645,12.732307,4.802860,8.928798,11.353236,6.604849,10.443835,6.453723,11.203961,7.347576,6.347212,9.792287,12.710956,9.187986,6.261260,13.102032,8.892814,8.074393,2.798949,8.763324,10.880098,14.120587,4.379150,9.629078,12.267706,13.946806,13.392546,10.493435,9.644517,4.220613,11.573426,8.430307,8.423960,8.187809,12.566278,3.252661,3.787593,17.809980,5.593646,15.123806,10.965640,10.649689,11.375891,11.621867,14.145040,6.796269,11.672438,8.262990,8.372303,7.509912,9.873747,11.856423,2.824890,9.467728,15.109108,10.028717,14.093646,15.711563,16.882163,13.633984,8.038080,11.099323,4.386138,4.796691,16.934039,5.653943,10.200231,19.632759,10.693343,12.956150,11.838101,14.922872,10.464334,19.642208,19.837121
2.809363,1.546693,4.729986,6.551913,7.742148,1.258885,13.345382,4.882316,3.933669,11.868927,6.941842,10.162162,6.503284,14.679086,12.777496,8.785526,-1.521004,5.986858,7.405297,5.462393,0.779769,9.403656,5.621024,4.218033,6.210555,6.863514,12.077590,5.040804,10.688105,12.365799,7.988554,14.096498,14.179099,9.559884,5.531674,14.188547,13.570152,5.224329,8.169570,7.418904,11.587821,10.132951,10.265171,4.538506,6.112226,6.621814,12.128646,10.931925,6.717652,2.337647,10.867600,7.911282,4.345837,7.136047,6.062810,8.762843,6.000546,7.692973,4.200476,2.502154,4.580178,5.684231,10.884335,13.577352,8.957689,16.425039,3.455246,13.323443,8.526647,5.005895,1.129102,12.238906,10.741125,10.920104,0.944379,15.359361,9.240400,3.850359,11.778790,5.583014,9.012233,10.987933,8.620944,5.694779,12.251284,3.780594,10.916861,2.585795,6.242807,6.009283,9.249513,9.841525,7.545368,4.194817,-0.230738,18.787696,5.207463,3.658996,3.556951,1.315734,9.923291,4.536768,15.556283,0.858823,17.321998,9.576532,12.941579,12.023200,14.422271,10.504907,12.622136,14.177330,11.322786,13.062024,10.853591,11.342160,1.753184,16.833673,14.162872,13.291107,11.487760,9.612174,9.945758,10.638149,1.934690,12.945978,13.457144,12.037450,9.003327,9.351622,11.712669,12.989199,7.609556,15.354872,6.241102,6.782206,8.669992,14.880749,13.302139,3.831848,5.994402,13.121392,16.262080,14.560242,15.726971,10.260833,7.374252,11.388479,9.877856,15.344678
1.392920,8.008040,2.966645,9.456900,14.372503,5.111833,4.196078,8.979243,3.969470,8.753946,4.346604,8.434420,1.355380,9.949835,-0.347784,16.247480,10.851569,1.937270,4.958551,9.323238,12.900754,13.616621,5.844643,11.511663,8.566327,10.949106,6.878474,15.519634,3.970204,9.705349,16.074389,10.838321,0.653684,1.348659,14.679832,4.898526,11.298900,7.945444,5.702437,4.517391,6.500224,0.740240,4.961334,14.322227,9.066548,7.258079,13.936099,10.152523,6.287189,9.022626,5.266135,14.777799,0.380766,4.401272,15.933806,6.397859,13.062908,8.713936,7.834833,10.995630,8.534171,12.382947,9.024455,15.370784,2.495171,3.902023,-1.460473,10.763816,8.551416,6.791333,9.736806,2.885709,9.924911,11.212031,7.604663,7.483403,4.173229,9.082457,5.103959,0.268606,10.934493,10.074169,2.766011,9.703967,11.486935,14.461301,15.027251,12.987002,5.024194,11.369403,11.008980,10.538437,9.543603,12.880790,4.797019,8.055530,6.989177,8.626822,12.042502,10.943106,15.437643,11.116648,9.486482,10.260905,7.051203,11.463869,11.288400,12.799874,10.673608,7.568740,5.859294,20.024274,4.745128,16.196443,16.719137,6.606127,4.673542,13.185838,9.498857,12.123351,11.216402,18.213487,19.175059,18.930275,8.615943,14.013293,10.449488,9.138219,14.398068,13.037510,13.662304,10.600551,15.901097,11.615967,8.402383,12.662201,14.962294,11.742696,13.055783,14.042813,16.996275,9.630202,16.926731,8.608997,18.186846,9.944254,8.092688,9.104482,5.028880,11.378352
13.136305,7.561292,4.736279,7.181785,6.964403,6.840089,6.723083,1.533277,6.285720,11.947167,5.135448,14.296510,8.870305,12.218630,4.925972,4.587125,8.550762,11.693508,6.239541,6.086341,7.231888,6.237535,5.105545,7.699720,8.326037,0.234698,5.245245,1.223614,4.168649,11.918460,4.999772,4.193249,4.807487,8.643783,4.461919,8.039327,5.870345,6.134395,9.937995,12.380140,5.303269,5.524910,3.126689,13.212939,9.724943,5.888453,13.219940,7.707051,6.040295,8.034898,8.049134,7.661337,15.877707,4.188015,10.155538,11.646988,12.523966,0.035227,8.030984,14.829804,6.540477,12.525470,5.855968,11.012329,15.867618,1.413727,6.015790,8.293611,9.076625,11.586648,15.610505,3.913211,16.158477,6.449136,11.033120,15.759628,10.036376,4.640712,9.356242,11.643336,11.440495,15.517167,13.412063,14.272601,5.996729,12.569659,8.187673,7.536137,10.686128,4.510621,3.543408,9.021352,8.697874,5.754869,10.024852,-2.372309,5.256709,9.541652,7.473950,13.544781,7.357921,14.851002,11.433744,8.680911,16.199150,11.990053,8.192024,7.888611,10.948358,3.506352,10.413552,11.233018,11.263699,11.084020,7.754388,5.466058,12.365125,13.851095,7.713687,12.284674,-0.011250,17.080253,11.812816,7.760902,15.417161,8.405928,11.358069,7.755222,15.619175,4.740800,7.549548,6.160582,12.793989,8.563814,15.718332,18.186840,7.043515,12.560902,13.110676,17.547896,17.270559,15.866029,9.211076,20.681147,6.169646,12.502627,9.723061,14.624966,13.784440,3.752389
5.113594,4.075049,5.732264,6.545687,1.796107,2.291103,3.675183,8.967625,4.762271,6.831088,-1.904505,7.056232,3.662904,7.176852,9.541149,7.965972,7.141234,11.460910,-0.977171,8.630994,8.535321,9.942595,9.017714,12.255986,11.344383,2.036223,8.613061,14.740703,11.637132,6.325306,5.702176,10.648030,3.275108,7.158599,6.949176,11.486329,5.122659,8.572811,14.624092,8.705285,5.172078,12.944389,6.652700,2.851717,7.551866,6.515836,12.930389,10.430382,13.229181,6.794052,8.442009,10.624536,10.934794,7.398604,4.976286,5.455718,7.695568,9.937516,9.411659,7.993439,7.221020,11.904774,11.338089,4.637972,12.038872,7.827103,11.015718,9.867652,7.921882,6.850512,12.851431,13.836098,10.762226,15.917573,0.823220,12.276457,8.020185,14.424897,10.321038,5.380098,10.240280,9.803748,14.245801,10.909359,10.032786,3.784305,8.077094,2.578093,8.419956,11.580485,7.944928,7.136994,11.896306,9.808080,10.973505,9.380504,7.508477,17.286980,2.335731,6.751627,8.021355,7.102123,12.211300,17.499269,7.610540,13.560842,11.042332,17.450429,8.703375,14.595117,7.929518,14.549181,7.614675,15.817937,13.392768,5.791435,11.182346,11.986148,5.481407,6.956302,11.901430,13.544820,13.111141,18.372803,6.682321,3.775803,10.459322,11.056917,17.901008,3.016785,17.166088,17.759919,16.866283,7.005274,11.245008,8.257345,7.465556,0.274751,10.472716,14.082507,13.570696,19.624408,12.738073,9.422328,7.762355,16.267826,17.177221,14.137130,13.393444,12.493728
