8.662512,11.587361,8.260921,13.795495,8.084889,17.280329,5.670297,11.424235,7.267554,9.066107,9.052577,15.700527,11.143932,12.667685,15.086518,11.888026,9.805231,-0.528345,10.730009,10.653152,9.024345,7.261268,5.682091,0.978717,12.489822,5.007504,12.787979,11.100430,15.005462,15.478241,4.983766,8.347073,11.748747,10.919037,12.734174,8.428381,13.447118,8.826371,7.697311,8.583253,12.344347,13.449265,7.345546,6.172889,14.090480,11.120077,15.061231,12.286788,12.456294,13.927390,9.345862,5.747264,8.955687,14.922844,14.738489,15.479482,10.635790,17.744948,12.400122,10.090194,10.506940,11.396079,16.522127,3.628614,4.025023,9.365376,12.099171,8.215719,2.998631,12.302079,4.360192,18.699037,11.595992,11.445094,17.031922,6.987427,11.763574,6.242664,14.881963,7.726277,4.531874,16.058029,20.342370,5.175037,11.095267,15.323484,12.721327,10.921437,12.304499,14.038864,11.677740,3.828301,17.396365,9.194827,7.008092,13.855107,10.196394,11.801505,2.289712,15.813075,15.824275,10.540457,5.517553,9.570389,4.636479,6.344640,13.984607,6.542710,14.706547,13.659217,8.247663,7.929317,12.747530,10.899373,13.607420,7.562716,7.423912,15.351640,10.580788,11.903307,6.532796,8.998939,9.264806,8.277866,14.435441,10.562315,4.087372,5.378759,9.556038,6.152241,7.171356,12.474524,6.771406,9.633040,13.300269,10.976051,13.448806,7.636683,7.688171,12.272059,8.955209,8.611054,12.975115,11.278856,12.771399,7.275889,12.179065,10.754137,11.255637,7.053156
6.471682,11.916603,14.588304,10.405653,5.052181,5.029437,9.739069,13.046318,9.160598,12.642588,7.284979,15.132199,9.246113,11.783163,15.186075,14.982814,6.941281,14.080691,18.252998,13.445780,17.163267,10.651829,9.751875,8.109436,20.062162,5.341917,17.237549,12.335944,6.529783,11.028858,9.248045,10.157504,8.872996,12.825081,13.439756,10.960285,12.662821,11.516524,17.732128,13.021577,11.586059,7.401502,13.654352,7.738596,14.675731,13.516296,11.445683,3.208656,10.650844,12.663220,16.221014,16.622154,5.971394,4.350545,15.378926,10.983918,15.754052,11.401793,9.690012,11.018723,14.213006,15.933756,7.697366,9.303369,17.144023,10.959302,11.871089,11.112814,17.287460,1.622968,10.451567,8.970532,14.844998,17.986694,13.119449,16.026442,5.223490,5.650070,14.868239,14.278585,9.998445,13.219649,6.167849,6.704225,10.648455,10.570523,12.770056,10.803270,9.619918,8.731156,10.205899,16.319740,11.680835,8.278729,8.673043,12.666121,13.220455,6.351937,10.237484,6.628607,6.239967,14.365450,5.980224,13.975039,8.107599,15.114143,10.252426,14.595586,5.757395,6.674613,10.860846,6.675493,11.887673,9.610081,12.275254,8.709359,5.212516,3.756630,11.534427,10.907762,13.869061,13.160752,9.567398,14.534899,5.884455,9.306354,10.240161,15.925325,8.270191,10.440973,7.267741,10.960053,7.714139,13.671991,3.949692,15.805781,11.976441,11.869942,14.293660,12.210121,12.448060,7.982492,14.533877,14.557399,12.180511,10.931495,3.899121,11.127575,7.966821,6.385304
14.258647,7.197968,15.075389,12.202979,7.903652,15.093722,8.877013,7.707553,15.394055,14.863560,3.455327,10.543939,6.982746,16.272536,14.847538,15.001316,8.394596,8.944207,15.706734,8.584701,5.945457,11.425962,8.560786,9.991657,16.142004,9.621530,6.333658,11.823938,14.240911,14.190142,10.604316,13.801736,13.868808,9.600599,12.441406,14.246144,11.795300,14.676241,6.957797,15.695609,16.061706,12.131149,14.452203,5.096300,10.193808,12.298628,10.366324,3.639330,2.141640,20.353144,5.060156,7.783924,8.054279,17.621635,7.866272,10.593864,14.856923,3.217214,7.896552,14.907034,9.365458,9.100741,17.196078,3.667564,10.749539,9.650254,4.836684,10.446131,3.738299,10.429556,2.811097,8.448213,11.674916,8.534022,16.067582,9.040841,11.305958,14.036460,10.111431,15.572391,7.933832,7.989285,7.505890,12.229241,10.130557,7.216578,10.671724,13.972672,8.485288,9.152476,11.671849,16.530275,5.201129,8.305279,13.095455,14.192257,5.556803,8.613940,6.687449,14.478913,12.026013,7.604847,14.150777,15.188789,9.923215,10.808046,8.155841,7.713150,6.036811,7.594136,8.128066,11.173287,12.173993,12.003480,10.998259,11.004926,12.180747,7.792022,11.312692,12.694205,15.475970,9.850704,6.694601,9.807281,7.613261,7.841067,18.238900,10.026826,4.742556,14.436424,13.439770,16.224594,11.061691,17.715708,8.231669,9.731624,12.185710,11.208233,13.103037,7.531244,12.273070,10.582426,8.660857,8.950417,7.291538,9.136463,10.090729,4.660051,14.027688,10.580480
6.603134,11.641420,11.960106,8.822811,7.274995,13.027928,16.026759,2.933977,13.045997,10.180260,8.304435,13.040020,14.256059,16.887073,11.247341,12.799461,12.113172,9.929300,10.762944,13.999441,14.771677,3.788562,10.331094,8.805285,8.715191,17.591358,14.061652,18.056819,13.001365,14.785980,11.436265,11.243863,5.982944,10.171684,10.396007,7.634940,1.815995,10.954998,14.460071,14.296194,12.903707,3.700750,7.187118,10.978309,9.656921,7.649089,10.724823,9.328920,13.139016,2.931792,12.102627,13.837968,10.269808,6.641048,11.034867,13.164380,8.769475,14.673578,12.522435,10.358092,7.685574,10.035075,7.894172,11.253888,10.382938,13.025572,17.030713,14.199342,13.210006,5.747350,12.406429,11.485199,9.283658,11.155732,13.788044,11.149974,12.294426,10.372830,10.784467,12.850562,7.199083,8.893569,10.937017,13.512628,5.006311,8.737446,15.219865,14.529964,4.578202,8.863189,13.685588,11.997937,3.688066,8.891294,10.028008,7.177082,8.965648,3.404381,13.556040,4.735911,4.639632,16.050748,8.089614,11.460522,13.145254,4.238222,6.142327,10.418043,15.055907,11.441387,7.996933,8.560190,4.315883,9.656071,6.420071,14.788772,19.940489,6.593211,15.051001,4.653093,14.265114,16.141797,17.103315,12.217511,12.092692,15.333929,9.143430,11.942876,13.022191,13.303471,15.359429,5.115519,17.449146,7.477655,11.829949,12.107540,9.270893,4.613797,9.735470,16.583756,7.599547,6.481026,11.115168,15.595631,13.260213,12.861464,11.846278,14.330313,8.906476,8.755463
7.975887,9.246676,11.228040,11.545487,7.295548,9.110509,14.102838,14.452511,8.012898,7.232741,11.788704,8.490099,15.423344,12.734131,11.262274,12.685315,8.017259,11.270225,16.495516,4.661890,11.915796,5.075470,16.954469,11.146316,7.362596,13.439793,13.617516,14.918833,13.503363,12.705235,6.246186,9.668045,5.896683,14.967989,9.150280,6.284448,14.664445,8.295836,8.131755,11.494379,13.510199,10.837161,20.429744,5.208616,10.776899,11.736359,9.089485,11.948598,15.423810,9.446038,12.245760,11.230404,8.667543,8.160911,16.014512,11.740046,8.768161,9.626884,10.453057,11.714241,7.334223,9.365313,14.138106,7.908706,7.229396,14.774484,3.419955,13.969146,8.419193,6.757888,10.434473,11.640915,15.822893,12.116162,11.642648,7.510598,6.819412,9.236033,10.285171,11.268029,9.187243,12.472100,0.957487,11.421030,14.635541,6.373221,11.191370,16.616301,11.426666,10.710882,8.519126,14.475788,5.414290,9.608694,10.300261,11.863923,10.464842,19.101110,10.312619,14.622198,4.611817,6.736488,13.017832,13.560379,14.156463,10.670486,12.614553,12.965363,8.231843,11.451464,12.001012,15.299548,11.942312,9.169993,13.933152,6.575992,8.355396,12.100016,14.471529,5.070055,9.661743,9.550188,10.187989,12.192052,7.132702,10.866132,10.144745,11.221784,12.226948,7.612057,12.145915,10.592911,11.588768,8.985342,13.569272,7.899727,10.129792,14.671409,9.663572,9.770574,7.190687,8.873535,9.623072,13.144437,11.391999,9.155399,12.166540,9.130748,14.147968,13.239765
14.741958,10.814622,5.693949,7.403587,17.497427,12.510107,8.188186,10.257423,9.716039,11.929370,15.398194,4.747304,11.953346,5.942094,11.136882,7.891286,11.688668,11.764544,8.624427,14.982151,10.926244,11.438368,11.800621,12.623939,15.208187,10.398290,18.724513,12.293811,9.702749,10.792846,9.971901,14.523711,5.263210,13.309776,11.496673,8.162607,11.520572,7.612156,9.142046,16.497334,11.579006,11.632303,4.211849,19.363398,13.973093,7.580457,9.866923,17.554316,10.235977,16.009452,12.667203,8.161087,3.157767,5.907940,15.457846,6.156419,7.812321,8.561477,16.721509,10.940049,10.633637,10.540536,7.000610,12.431374,13.118576,5.721823,11.293891,11.517774,18.024532,16.173177,11.902221,12.813335,7.408113,9.643576,15.679249,9.437012,10.169945,8.907623,15.959383,8.321952,11.923848,14.792490,17.071310,5.331885,12.369535,17.866746,11.732123,17.805716,8.922371,10.017450,13.990537,6.652440,13.087137,8.865555,9.953236,21.124488,13.459677,14.256513,3.664645,9.479556,10.510865,5.484797,7.867294,13.229803,14.877290,15.896383,10.309882,13.882104,12.718444,4.656906,13.905849,14.569554,9.643969,2.952283,6.390614,10.348402,4.655469,9.161210,8.844342,13.112247,14.221706,14.906706,11.188435,4.017490,9.475710,12.695670,8.917816,5.556833,8.962647,16.044404,9.889558,13.277080,9.086910,8.381915,10.090616,13.163289,9.416616,6.084992,11.446683,14.498214,13.650763,8.769702,11.382752,3.077110,12.007323,7.749568,10.895932,11.600378,10.433100,8.569769
8.983906,9.863373,12.956358,13.418157,13.966641,6.083277,15.263778,6.663625,13.183593,10.589055,8.323004,10.157501,14.521498,12.214364,16.953620,11.050749,12.221396,9.436450,5.325048,10.682903,12.589003,6.412054,14.490032,10.096940,3.177964,16.770556,16.890728,16.477546,12.221740,7.467005,6.139739,12.512940,12.313497,12.544904,7.845520,12.462927,10.610883,5.209386,17.955260,2.895823,16.266584,16.373228,2.128423,8.308178,18.874841,2.355278,3.642068,10.651173,16.101363,8.866766,12.507026,9.759473,11.790564,11.016869,12.112892,13.895529,11.726929,11.607486,16.781367,7.748752,8.763888,7.109346,8.905968,17.179384,10.045996,3.675495,15.589287,10.880857,15.780365,3.923996,10.152129,17.474780,13.564659,14.274335,8.900190,12.019225,10.618762,15.873666,8.850349,5.469210,14.911791,11.496284,5.166416,7.093604,3.306196,16.633996,7.022112,9.294819,3.801633,11.845539,10.441181,6.079385,8.272262,13.398607,5.457403,14.486341,11.950114,6.909007,9.523787,13.740460,3.826754,9.743531,8.998716,9.455743,8.517425,8.310087,7.574325,8.263191,8.959528,13.820551,15.347750,10.740963,10.751748,7.671542,9.588120,12.693153,13.368389,10.528255,10.664048,11.555434,15.452937,9.960788,11.544638,10.646268,12.637544,9.637339,2.786030,3.223629,13.981471,9.303945,12.866710,9.171304,8.842557,15.003053,6.582686,5.826655,8.675314,9.510617,8.067602,12.814828,9.939517,9.658084,5.474866,5.554037,14.504901,7.869745,9.631458,14.164885,5.537389,11.183823
17.735196,11.876319,13.781992,9.451171,10.253396,9.680143,12.379861,10.265936,6.454302,9.874593,4.045900,9.785965,14.713529,7.385887,9.513210,12.119306,8.428096,14.244287,9.868314,11.097565,10.445937,9.427823,9.530550,13.967853,9.111883,8.913412,7.058340,11.880209,11.721095,12.775527,11.672258,13.403950,7.263321,11.374052,12.956273,9.142274,13.282875,9.211974,15.007484,13.375753,13.165422,10.166428,13.768080,18.316410,4.965336,13.254555,8.456328,7.091383,9.968682,19.763245,8.568989,8.429064,10.015080,2.722031,11.508341,10.832110,7.833482,8.912767,9.673569,8.399658,8.585836,12.266377,13.293378,15.751742,2.571978,14.813545,12.444118,15.524572,13.878049,10.635895,13.576002,5.707405,16.699786,14.228554,12.713800,10.642701,15.601787,10.197391,12.387518,16.774453,11.137932,8.630083,9.473289,9.629657,13.765607,15.310505,5.050519,10.133736,11.796606,13.679709,12.577126,4.232081,13.018921,5.959418,11.022501,15.026987,6.140892,12.420024,8.192011,13.326433,6.345425,11.078972,17.158962,14.950877,13.891426,9.983679,8.754115,15.020069,9.856906,11.212958,12.278983,10.995051,11.397727,9.128656,10.252899,5.844331,11.300834,15.321224,13.442381,3.594897,13.827993,10.106098,7.029482,8.720309,10.169277,12.854245,10.598955,15.375274,19.575350,7.385977,17.286078,12.641226,6.606901,11.258080,7.305806,15.194889,15.940124,14.631909,10.620295,10.841940,10.453035,8.474864,9.951769,10.929199,4.798396,9.587190,13.271227,13.312823,9.763311,10.558369
15.743580,13.989776,18.205717,9.850244,11.362607,14.511191,9.552957,11.683734,13.355138,10.863026,8.166137,8.128125,11.876670,12.382275,15.012016,12.646672,11.728560,14.734066,15.080032,4.912596,7.425820,9.881582,12.820227,7.112162,13.778137,11.287836,9.369423,13.525050,9.008694,11.523510,10.518062,9.042867,9.996275,10.890284,10.571655,14.845800,16.396291,9.464599,12.189387,7.939994,18.019349,10.152522,10.478409,11.460687,4.407100,7.386584,10.194243,15.328105,13.852844,6.381968,12.320121,9.211841,12.413816,13.300885,15.202853,9.838827,11.281772,7.662162,10.015289,8.627348,16.259182,8.946035,8.314559,14.008395,14.523788,8.073006,13.265154,12.509016,11.223346,8.049648,7.549891,8.702540,7.302570,13.240055,13.153751,8.761197,10.641562,12.527469,14.777401,8.251495,10.175375,5.481625,13.298103,12.836862,9.791614,15.606060,5.488677,15.748065,7.815023,11.376691,7.624789,11.698823,10.665451,15.561182,14.275930,9.025652,3.798810,14.612358,5.405717,11.018791,8.506668,11.095689,9.839317,11.369035,10.796931,12.845419,9.496977,10.740735,4.950247,15.182843,18.917634,6.025028,12.789091,12.020288,10.434404,11.889123,8.093738,6.658635,11.315101,12.466768,11.408968,13.137866,7.495202,11.132149,13.234868,8.893805,4.221424,3.873683,7.692422,7.815808,11.926846,16.333481,2.677560,7.830612,13.343010,8.842780,12.913342,5.919603,11.085884,14.935597,10.334800,16.859652,6.381839,14.826170,10.164164,9.189462,11.937821,8.865602,8.800505,10.655491
15.751311,14.283376,11.921522,8.721069,7.743318,9.813712,14.952133,9.623070,8.419500,11.392170,11.841218,6.632599,14.182273,9.398842,12.776137,8.820269,6.792747,7.933467,16.226447,8.767790,12.823194,14.927033,12.353221,17.445099,11.254042,8.902383,10.625954,6.621582,11.040433,14.379497,12.909022,15.538444,5.772676,6.205248,13.775195,14.840755,3.779677,8.072452,12.862902,10.978086,4.103097,12.160627,14.664043,8.386932,16.710482,11.456484,10.340214,5.799546,13.727183,13.420199,12.556256,16.559033,9.142712,9.398480,10.803765,6.345687,14.729934,6.820874,10.766884,12.766769,10.500577,19.617500,7.980869,11.837139,16.631003,13.522411,14.477865,6.202835,12.052953,13.751093,14.989434,11.585515,9.696409,12.630257,11.982389,14.269888,3.372733,7.449964,8.279247,11.456358,7.928454,18.948567,10.754891,14.375382,16.059098,9.945368,11.249757,11.652254,12.989814,11.468481,6.730033,9.088479,17.172893,5.605153,12.729752,13.614823,8.052178,8.830398,7.988938,11.695205,8.986551,7.668421,5.128030,11.031269,8.073552,13.452576,11.719316,16.866548,15.278494,10.024083,12.434064,3.213587,7.307591,19.097480,10.015121,13.612958,6.951904,14.619107,4.668782,9.337681,10.504888,10.852888,10.332125,8.310529,7.556871,12.006442,8.183681,10.845166,14.798991,11.082593,12.907277,8.797415,8.006820,8.397199,3.962252,12.671813,11.400654,7.929303,7.016174,7.990842,16.770743,9.701943,9.781952,8.598089,9.918559,10.189472,12.270376,11.140939,7.365742,12.864284
8.872005,14.885030,9.626292,16.593260,12.111295,5.917314,11.549839,11.540143,7.296328,12.607201,11.691448,8.145171,10.357859,11.724091,9.159339,10.979427,8.867342,14.650734,8.564325,14.229759,9.334700,10.805982,8.305786,10.036796,8.518769,4.400649,11.884252,14.100484,8.992163,12.660176,9.058031,6.806963,9.811706,8.490271,6.199534,16.661232,6.385127,10.135311,9.228279,14.472522,15.407646,5.502620,10.479842,17.448849,7.988576,8.555408,16.476084,14.342050,18.826174,10.732901,11.604058,10.669570,3.123034,12.610873,4.985418,17.102404,7.275490,12.637204,9.992752,11.967781,15.172090,11.704179,8.738720,10.110365,17.177868,13.116884,13.347885,11.989121,12.193989,8.625954,11.511931,14.277127,8.527554,13.743143,8.718401,13.744956,13.262780,7.926046,14.376560,4.238109,10.724747,5.239138,11.824174,14.543211,16.077549,12.799797,12.337347,10.853511,9.702349,12.813712,4.005736,13.157489,15.384601,12.882435,13.762543,14.649169,12.778422,12.963298,12.507889,8.762476,13.700054,6.643971,11.663215,13.147260,6.466126,16.695037,16.662264,8.119455,5.030734,9.315522,17.714292,9.167966,11.284904,13.326453,12.067574,7.357911,8.240524,3.571473,13.194070,10.662028,9.766374,14.016901,11.547706,11.937078,7.462583,6.545771,4.669832,6.420324,13.936380,12.331893,16.847007,13.025519,13.496035,13.994834,14.285837,4.561452,9.858572,10.160318,11.212379,12.720331,16.479589,2.585551,8.138663,15.586861,16.180226,16.031851,11.329109,3.329607,15.271031,9.359174
8.852546,7.268054,9.182897,9.525735,11.245040,7.019986,17.640424,13.387304,11.704334,13.876449,9.882540,7.432412,12.234604,2.158882,18.404539,8.259681,11.123606,13.086429,15.512331,10.254304,8.697437,14.028822,4.913096,10.843654,4.865002,14.445857,15.950561,15.125924,12.385283,7.870887,10.643553,12.533718,13.688757,9.582890,4.001303,9.312533,10.435884,16.334043,7.509594,12.226105,10.058303,5.195979,10.183939,13.426953,6.231087,12.522937,8.845095,11.095858,12.130475,12.220111,10.266402,13.961250,11.640415,12.128434,14.785149,8.754616,8.504923,13.193433,7.142078,14.262852,9.646341,5.062429,8.619575,10.907455,9.756693,12.351705,3.754761,6.210939,14.266281,13.854644,17.856622,11.168917,14.709993,9.297504,14.401647,10.490257,18.150055,8.998981,9.928608,11.800047,12.344677,8.718583,15.141670,16.720223,11.031816,5.024010,4.044811,9.379438,12.775080,12.257021,8.664553,14.791714,12.872257,7.866906,11.534723,12.725440,14.710357,7.841680,13.419531,14.591059,10.704489,18.619686,9.009124,17.119650,9.530741,8.363414,6.706897,15.539820,11.064818,11.678051,1.209669,10.683372,11.267378,9.789189,11.786662,9.306929,7.651759,18.978766,14.126997,4.223403,9.210498,13.637188,10.771058,14.214937,10.070768,10.514596,6.042196,10.777284,12.844602,11.693874,5.382325,8.697861,8.957381,13.561738,9.033517,11.700698,13.062803,6.355408,10.105203,13.380259,12.138583,12.389959,8.600160,15.849185,4.430121,6.523579,15.297365,14.220125,16.636880,8.182805
9.991217,10.440732,17.684264,9.620406,13.127083,14.766923,13.274918,6.706793,13.745117,15.608675,10.503637,10.980915,15.291446,10.890011,12.950163,3.666640,13.581320,7.309760,13.774467,5.216749,7.155625,8.771959,13.957457,13.951087,12.597265,7.487550,17.235480,7.531382,10.312541,7.113564,14.924998,11.011339,6.631323,13.088844,13.761697,10.485969,7.818289,8.292294,7.586238,2.415160,10.116453,10.543097,11.026536,13.459995,8.445248,11.000291,8.768196,15.351806,18.602102,9.594737,16.042246,14.600513,12.030346,6.700541,10.469046,12.461176,12.656060,11.608582,10.880268,13.019253,12.112112,10.418249,7.003060,16.228505,4.968307,12.792479,13.576854,13.701884,15.135222,14.697183,7.028743,9.953210,15.918462,11.887278,13.218385,11.889712,11.743246,5.416083,16.207674,9.637505,12.990058,11.123963,11.271094,14.153139,18.136125,12.508508,6.860815,11.763499,7.426672,14.547138,8.412700,9.022829,5.307414,10.855371,14.217681,13.012251,14.199450,10.548395,7.122554,13.640999,13.780017,15.792210,7.565615,10.991957,16.049467,11.214889,12.085263,12.903622,5.176224,14.229943,7.536149,11.489994,13.855741,8.586600,12.676039,4.264600,8.314868,12.941062,7.316678,11.065426,10.872635,6.752113,13.462678,9.377903,13.096484,11.394306,10.722540,11.419160,11.590331,13.955838,17.333545,7.803533,9.713763,10.597876,7.640246,4.615466,10.821681,14.764958,6.607897,3.397383,15.845395,12.684132,7.073593,7.788092,12.290547,13.339331,11.513280,8.052452,11.325071,14.253064
16.226126,8.014255,9.534813,11.175760,5.133214,16.340101,14.500116,11.768222,7.215039,16.453011,6.301037,17.146333,11.780704,16.107650,10.878543,5.825855,20.732701,5.167755,13.034925,9.915538,6.068863,12.081128,6.872072,17.136510,0.039481,11.562510,9.449612,6.977201,17.529739,8.000693,14.571528,9.853627,13.168731,13.529296,18.598379,2.977596,15.291220,11.171046,3.197158,11.274766,12.342627,13.918678,6.558302,9.464089,13.065535,9.454955,19.461934,11.940718,11.878116,6.126054,6.100506,10.264663,9.712096,9.218528,13.217020,10.984622,10.112478,6.657667,9.028292,16.736042,6.333622,13.455923,13.073553,11.106810,4.698544,3.019710,13.883144,10.120025,11.335676,10.798744,9.593514,9.233831,12.105049,13.779397,2.337647,6.637464,16.753512,5.710878,13.032160,3.645328,10.156933,12.842533,11.217269,9.549920,8.603991,11.963294,14.895789,10.798437,12.211401,5.339498,14.178610,17.659708,12.008069,6.513414,9.943182,14.398527,11.021185,13.417065,10.543083,14.082465,8.963404,13.198870,10.014327,4.355492,10.038293,16.425986,16.318228,4.380333,14.023400,12.532590,8.602432,11.293487,13.021581,7.116673,6.982890,14.734435,10.990310,7.113683,8.361608,11.606749,15.555393,10.589035,13.543853,5.719011,12.256007,13.368996,12.064655,8.199417,13.635758,13.412018,11.203723,14.161949,7.453183,18.003761,11.878642,10.131822,15.692484,12.679214,10.951848,16.241122,9.246122,4.743887,3.212295,9.293692,10.063029,13.521600,10.688797,10.202292,10.268627,17.911662
11.735521,-4.598253,6.562282,13.468560,8.459625,13.643410,5.456985,7.854561,3.576784,7.412282,15.767954,6.103220,12.987348,14.050174,13.247809,6.442029,13.322588,10.751051,9.795452,13.339774,10.975991,15.562710,11.199198,6.733694,6.379106,9.306826,6.908793,10.945718,8.981414,12.156067,3.266631,10.682280,12.803550,5.002443,18.170547,7.877840,5.694120,11.964944,7.468699,9.640651,10.495090,12.753371,6.057297,9.472231,7.408037,13.192281,13.256544,14.686438,8.616265,13.062724,15.401006,11.661084,11.116344,12.285802,6.309954,2.548666,6.377094,17.548001,8.205391,15.747404,9.668875,9.505337,12.776465,4.593441,11.633947,10.562810,6.144202,8.023875,13.783694,6.086880,10.784667,11.231109,11.419498,8.895394,13.367918,9.558702,15.699407,6.877100,10.092889,8.645120,7.715701,10.792952,11.265247,11.766358,14.068854,12.416491,9.067244,16.053524,7.997316,13.680633,14.308594,17.382780,14.494444,13.389583,16.731228,5.455291,7.563086,6.541410,8.753620,15.660631,6.538947,5.958963,11.643636,15.665378,12.051032,15.776438,9.824430,6.820838,11.997845,10.647328,14.759052,10.078188,10.675501,15.029342,9.887882,16.913960,15.365545,7.127622,9.670761,15.714337,8.052071,15.515397,11.282200,13.180828,8.000334,10.340321,8.372856,9.859615,10.886646,9.371377,9.717121,5.988445,12.632962,11.325162,11.101824,17.107434,10.850066,9.657415,14.532694,11.631358,8.519509,9.434790,8.169819,4.680498,6.613027,14.665017,8.532398,7.222203,11.544346,10.516516
13.377015,8.835345,7.287320,6.032101,8.626196,6.667020,15.549885,14.689899,9.218764,10.455418,8.301952,11.291421,14.269536,14.259437,9.233440,12.089311,1.961959,14.116624,6.886521,9.319417,8.998741,9.699837,11.009303,15.398849,11.342352,11.483249,8.312822,9.974372,7.046494,18.309806,4.226460,4.047637,7.401699,10.284083,14.078479,10.887293,13.238174,4.212378,5.093142,8.995418,9.842752,8.954317,11.899672,20.163356,12.280977,14.278457,7.257105,13.149370,17.668086,5.946960,6.207613,10.454192,13.030283,17.201689,9.087767,9.486146,18.467666,7.247352,9.874864,12.526679,7.585750,8.579395,16.074529,4.928238,14.327210,14.067286,7.719823,8.048688,8.841816,16.159163,7.608386,3.522978,10.377640,17.390254,7.863594,8.077222,16.714143,3.029807,15.888767,7.916462,11.589239,16.825000,7.058331,5.994216,14.647663,10.885508,10.011573,11.467550,5.410192,6.892559,15.624307,11.769094,11.044667,12.515667,8.170806,14.606751,15.245937,8.019249,13.260920,7.846438,12.691443,10.229516,10.192618,13.608537,6.719376,9.019381,7.077425,8.667558,10.419220,9.878075,7.136477,7.968227,12.312200,11.396424,10.227171,9.666928,5.852634,9.399687,6.936581,6.533495,12.995513,9.441062,12.675776,14.563463,14.518396,4.102992,8.314418,12.911958,9.952949,9.893328,5.211284,11.181754,10.200255,10.837963,7.162627,7.371631,11.100934,10.151008,11.828564,9.817315,10.446324,7.289471,12.722849,10.363897,12.993618,9.620831,5.756018,11.876304,15.349969,10.454202
9.690599,5.487636,9.073279,6.702779,10.202628,3.944089,13.095299,8.753466,6.973083,10.540257,8.188070,12.924963,12.348312,2.740217,14.403062,10.504379,6.495174,8.072034,13.131615,8.784407,9.594127,9.239407,13.986970,10.800750,12.640737,12.904154,7.565480,6.132747,9.485991,12.309434,6.371968,13.656626,13.693409,7.335726,6.988794,8.422752,9.596467,4.028309,3.533945,13.488665,15.660054,8.318530,6.822409,9.289651,13.448898,12.579563,2.855487,6.476120,10.957947,13.704061,15.048849,11.749439,10.738594,14.150682,5.138028,10.110113,11.660653,9.752251,13.463007,10.628453,11.261352,7.740525,11.528802,15.846329,14.081051,5.293300,12.289998,4.234879,13.423927,3.993507,12.437555,18.528792,18.680345,5.471862,5.396533,8.302031,4.902474,14.897616,9.592460,11.818943,9.759147,5.985907,11.337805,13.131902,7.784785,3.887758,13.511370,11.637347,11.400827,9.599605,11.494831,11.829380,0.459863,12.078720,17.812868,3.589792,16.448491,6.888648,10.925528,15.436507,9.933729,11.275289,8.642081,9.280683,11.191241,15.885349,10.512074,18.027004,16.950362,13.379300,13.424080,7.228232,13.940491,4.210050,10.716247,13.720281,11.210411,10.478148,14.861915,9.525393,10.698143,9.903402,10.624721,11.074058,9.220284,12.633570,13.499751,1.318922,8.383695,12.609525,10.985628,8.272730,17.843347,10.867884,9.265204,10.290859,8.164531,9.185466,10.233489,14.218597,10.619794,8.816654,5.158211,8.386130,15.635873,11.148032,8.102291,11.288964,8.607801,3.136468
16.721501,7.642644,17.213569,14.410398,16.680071,6.600091,9.265331,9.444993,9.520733,6.149804,8.950975,17.510990,14.901627,15.186736,12.724672,7.620949,18.408898,9.973788,7.187080,14.521419,14.562886,8.487807,9.972616,7.552489,17.623833,10.036687,9.720927,13.356220,5.282390,6.694853,10.109155,9.646532,16.520461,15.586224,11.267409,8.767633,9.988237,9.268420,9.960287,7.052379,5.897568,12.193125,13.032079,13.315617,7.661165,12.399666,13.384739,6.257942,17.933980,7.308384,11.231289,5.578847,6.627830,4.784321,9.381882,10.652048,7.709638,11.549455,11.430506,11.586626,16.923207,3.827716,5.042385,16.722657,8.378466,7.510653,11.694734,16.070472,10.082323,13.475883,12.606178,11.183037,8.503762,14.026228,7.120733,13.059535,6.234326,16.221048,15.220343,7.218624,7.503511,9.356447,11.878396,12.309094,9.013224,13.264302,4.676688,12.541308,6.836302,17.472535,10.628362,10.780012,11.712393,13.164404,9.421498,11.068008,13.325728,9.625959,13.042828,15.351142,15.362216,9.098439,14.234443,19.224762,15.919554,10.691135,8.447944,12.345673,8.228789,5.911906,12.355657,8.270130,14.715887,8.157870,8.784302,7.534946,12.400697,6.047261,6.906781,4.406937,12.203842,8.056813,11.197027,7.761874,14.361508,11.518970,9.482052,12.998782,14.885094,11.399468,11.217520,5.561933,7.648965,9.621984,18.252986,5.955711,7.722347,12.855886,10.827802,13.997528,13.875578,9.473607,10.652134,9.191088,13.791971,11.225992,9.704379,11.253713,7.499128,5.649396
12.781205,10.738462,14.277810,12.712235,8.395201,8.485739,13.695608,7.231808,11.790930,13.422561,6.755449,9.870295,13.198200,8.156441,13.995037,5.321933,16.523119,14.155290,15.387325,11.252262,13.990666,17.680598,10.466440,12.163451,4.065756,6.193986,13.907286,15.199785,5.920691,6.809220,9.853123,11.201102,12.836825,5.367808,11.930428,10.058049,10.947376,17.134641,8.578151,9.529969,16.522777,14.870912,13.006015,15.928557,10.469702,11.848912,11.611539,12.855026,12.222099,8.982698,8.951678,10.092031,13.000593,17.881535,3.559827,12.922039,17.849498,9.802158,5.446746,14.290053,14.632908,8.905983,8.796191,9.839837,10.940146,10.233610,7.396420,16.719630,11.811455,11.965758,16.902349,15.842458,13.307097,19.933200,14.959182,11.384074,9.842967,14.590719,11.556882,12.481632,12.843810,7.490933,13.596932,9.656432,11.051130,6.542178,16.795938,12.479259,9.437965,14.745191,8.853142,14.018657,10.324114,5.949180,13.214304,15.134290,7.737071,10.403614,10.947450,16.280632,10.294430,14.346323,10.962529,8.554108,11.592610,13.783886,13.484153,11.117240,10.968591,4.315719,12.595038,7.391704,12.630652,13.692524,7.792470,12.710243,14.938595,10.212161,12.317632,13.492908,8.450600,13.981393,5.020725,14.111026,11.326993,9.859369,8.154768,12.126072,10.787358,11.043456,16.421735,8.725466,8.159022,10.122602,7.278076,7.219699,15.478262,12.174857,5.639104,13.537923,13.757874,8.401483,7.410203,10.673626,11.693514,13.586991,9.714727,2.476788,11.542281,10.201621
15.331956,7.756271,12.040670,13.810510,1.322815,10.894645,14.983762,6.155574,9.122045,14.189928,17.650538,9.879682,9.252023,6.537751,15.645954,13.792987,14.293454,7.008332,9.742104,9.117606,-0.555949,14.637237,12.519373,3.183172,13.986196,13.161953,8.812725,9.939247,7.167262,5.118209,19.422836,10.077917,3.042093,13.131289,14.624436,14.291873,9.894287,8.039943,13.462578,8.124857,4.206553,9.985728,11.680373,12.048402,7.671982,13.601063,12.013391,9.164022,10.085089,20.225463,14.786067,7.974686,10.033885,10.621376,13.129287,7.442126,4.541719,6.158579,15.199882,14.242779,11.867380,10.283279,10.432239,-1.089155,9.847928,14.306351,9.894816,15.480196,4.744072,4.765529,10.000907,10.538013,13.452515,14.829821,7.593244,9.143427,11.443452,9.155568,10.532989,16.803167,10.616735,9.826117,14.411812,11.583680,11.612541,8.317787,12.384709,12.599528,17.914331,6.462821,13.291855,10.429503,8.011834,11.645039,7.130120,7.829372,10.832762,9.440599,14.249621,9.927466,20.116098,13.986683,8.493791,3.948759,3.411878,11.343266,5.955140,5.159686,10.664509,12.457410,11.228983,12.019804,12.919870,6.700352,15.571168,9.745579,11.525530,8.810867,5.838806,4.566482,8.203667,13.171278,10.729010,10.780581,14.383124,12.592918,15.675447,14.611645,4.779840,10.126085,16.463026,6.276952,8.710084,8.559556,6.263495,3.742323,11.319583,9.949352,12.627805,12.038954,5.655500,9.635462,16.093695,11.961737,10.099584,10.307704,12.516234,8.466143,11.823790,3.387414
8.568961,13.659746,6.279424,10.733810,15.133862,14.376224,6.160972,16.234978,10.653723,3.751099,11.452466,7.745114,8.664651,9.041659,11.803956,9.930280,12.038366,4.209599,15.375412,9.373131,6.263314,7.867346,13.960588,10.478827,13.006840,11.048915,15.716041,8.601297,12.252282,6.350537,13.256031,14.185950,20.505687,6.697557,14.743805,10.204391,16.224869,10.872115,12.832736,7.539829,10.498608,15.340045,7.948052,3.572107,17.204582,14.886029,11.651092,9.428367,11.058880,12.682215,9.412917,12.315100,9.912649,10.641241,10.466509,13.209339,12.012646,11.457506,14.271390,6.589090,5.671924,15.457614,15.766120,7.419893,4.501058,9.786269,14.387606,19.147490,11.808498,14.422658,5.189884,6.522180,8.380844,15.093453,13.400268,7.549764,11.329403,10.127966,17.911458,15.140398,7.763593,15.141802,10.028197,10.460975,13.073168,11.743662,9.882967,9.349446,13.407006,13.742631,7.543579,15.663398,14.688752,11.975996,8.910879,6.343457,7.658302,17.339343,18.204799,9.585569,9.566927,14.232420,13.336029,7.138183,5.216140,15.333262,11.193482,7.846126,13.825072,8.936174,8.299858,16.148761,10.975760,14.745997,11.751097,9.352609,11.584021,14.097195,5.854905,5.043575,10.528726,3.833623,10.213229,13.542942,11.640185,9.482488,4.700253,8.819950,9.032792,16.436939,7.067660,6.055099,10.119590,6.015670,11.903425,7.573351,9.202294,11.598182,9.708951,12.093410,12.132715,5.808905,9.025482,9.423843,8.419882,12.130058,12.846373,7.977574,11.288923,14.930466
7.814888,15.957412,6.756398,10.765012,11.308990,10.406065,16.236073,10.817022,6.183456,17.535161,5.562737,10.296730,10.026385,11.059146,9.058196,7.563206,11.060653,13.455764,6.356064,10.040806,18.375594,17.502826,6.279081,8.780479,14.750350,2.112320,16.983339,12.584057,9.835271,9.696777,8.984184,11.035713,9.660903,15.236602,10.527632,9.838900,12.007708,12.742468,12.614471,10.138443,7.747020,18.641636,7.712353,13.078900,14.156009,9.624455,5.042976,-0.301354,6.836061,4.490120,13.098231,13.054217,11.763281,15.972212,9.173161,11.572944,5.954740,6.979987,9.610122,12.089840,15.774416,8.365781,9.051309,13.716850,6.241447,16.242378,12.384357,10.454338,3.654985,9.483435,11.353754,16.540807,14.501610,6.795584,11.779658,7.013110,10.605888,11.962224,10.405589,7.608618,10.899530,16.902061,11.582706,8.187419,7.255313,10.941451,14.150849,6.825458,12.939932,10.567923,7.174218,14.134387,13.569645,13.086394,4.148599,5.593073,10.829097,8.944302,6.142760,3.253300,9.735433,14.311392,14.322771,10.328437,1.633122,15.532954,18.358573,4.250678,12.544419,13.028221,7.495384,16.898543,7.979108,8.369992,8.903906,12.342952,10.871980,6.245370,9.691784,13.955431,9.661518,15.594559,10.051504,12.696689,15.295678,13.036384,9.205184,8.687425,5.223287,14.422932,13.850168,11.977163,8.664556,11.113291,8.188348,5.842348,6.910906,12.134960,10.512354,8.874276,2.080940,10.597622,2.584249,10.680929,11.597481,10.448482,2.655564,9.462077,9.185738,5.378680
10.411420,13.334756,7.196850,12.669567,17.591934,12.137939,4.538467,5.753229,11.033719,17.279109,4.450337,10.878568,13.637141,8.102359,8.827095,11.630745,15.435116,10.587919,7.545927,15.242550,12.480881,7.795853,6.263184,14.643968,17.522254,9.040337,11.817742,12.762363,9.733014,13.039254,11.785208,13.491637,4.782527,8.034269,8.678869,7.034960,14.793862,7.031492,13.855769,13.369449,5.932982,15.938210,9.052335,16.887161,7.102012,16.090045,7.422168,14.894329,12.719924,3.335738,14.102395,11.362999,10.998907,1.970369,20.619469,11.268734,12.543759,13.358566,4.008515,13.240000,8.357943,11.642144,6.449418,13.731327,9.741923,11.994568,10.827195,7.173966,8.652344,14.954581,12.197067,9.288088,12.687828,9.737098,9.616224,12.368099,7.411585,14.093024,16.442686,14.013103,9.405609,6.401458,6.446350,13.436006,9.119812,17.913926,8.592769,12.558765,10.771513,14.863715,3.817190,10.029542,11.985681,8.718118,16.392428,9.146328,11.409201,8.066443,10.572051,6.875129,8.649825,12.317121,15.490891,1.312273,15.518345,7.974204,13.296353,8.879745,10.227746,7.516320,3.458940,6.672698,9.726370,11.723223,6.944098,10.982317,11.753201,11.681873,14.255493,14.163522,9.953408,11.443816,12.220588,10.837714,11.706629,9.730840,12.911204,7.839172,17.927739,11.573495,12.795907,14.520383,10.378851,14.660696,11.841899,10.228543,13.013567,12.938758,7.360708,13.209588,15.070532,14.088984,17.623543,13.991043,14.684281,11.856435,7.571373,12.316403,10.447229,9.799117
4.485513,7.655565,12.015178,8.327509,7.955866,16.368411,12.319672,13.505343,9.910355,15.809174,5.815133,17.539622,12.188107,13.516211,11.856629,14.895059,15.771325,2.012888,8.943955,15.024509,6.655666,10.443014,15.073801,8.970777,12.244339,9.649193,9.441311,12.715394,11.876440,12.016557,4.725542,7.182333,14.938667,13.388138,14.792825,8.218926,12.998049,9.042000,11.819722,8.499208,8.711890,11.172462,6.911401,12.051872,9.072360,15.058328,8.668649,5.176084,13.947630,9.600030,9.676583,14.955835,7.549701,12.861556,15.493801,7.242009,12.000148,15.793506,10.408148,9.921614,13.641188,14.572045,7.704748,10.313883,16.597233,15.957487,6.351175,13.396152,8.383835,9.218937,15.199492,8.669406,18.222551,9.159389,15.777697,5.577218,6.410392,13.990728,5.950174,11.197421,12.144652,3.910091,15.871093,7.058065,12.055804,10.483971,14.267333,15.853829,7.010614,13.914950,13.491228,8.912811,5.908301,16.010227,14.708587,6.097593,9.831377,12.599977,9.992564,10.246098,9.523284,10.691957,14.839371,13.268736,16.435244,14.733639,11.190455,12.001816,12.420542,15.441567,5.241006,7.832293,14.431747,14.008723,8.501199,9.972836,9.019470,4.117872,11.305595,17.078963,6.980149,9.641394,9.239163,5.021214,13.345275,9.524347,12.473008,11.533202,14.104642,9.547889,6.838151,10.575712,15.355280,8.400298,9.683389,11.006886,12.315434,9.487043,6.160493,11.358229,9.994631,11.456416,5.951403,12.371746,9.719390,9.985224,9.935231,13.149126,6.734541,10.127710
14.366488,12.634735,13.268358,15.726134,14.965792,9.172328,9.575595,7.236326,11.148739,11.373916,9.826994,16.146372,13.215242,7.370037,10.369539,13.628478,10.012425,9.541200,17.800473,7.649355,17.952884,12.996714,8.424581,13.297739,9.871730,12.554858,8.864286,19.916290,11.408663,9.788933,7.270807,7.427704,11.643023,13.058966,16.141890,13.312410,4.497314,14.975625,11.813212,14.368944,12.817871,11.873583,9.901467,19.367994,10.979330,14.194297,13.815603,8.889578,4.479119,8.257394,10.136847,16.286318,15.659301,7.842449,7.330027,8.279618,11.674241,13.056534,11.936191,10.507537,13.641793,11.941465,9.080559,10.969785,7.357382,8.533053,13.795274,12.140832,14.453088,6.731523,11.995737,7.306234,13.782795,6.467966,12.173765,9.349514,10.259584,5.724820,11.984529,9.555241,17.526314,7.248538,17.194136,10.371368,8.969988,18.433650,14.492884,11.265639,15.140498,10.358239,9.051271,11.701126,18.515376,3.079826,7.677245,5.737995,19.168348,10.937658,12.591718,16.306204,3.440969,8.788210,14.113152,11.747285,6.248628,17.295962,10.830048,15.201521,11.184812,12.230445,10.919622,10.076598,8.090907,12.946285,11.414265,10.495348,3.264850,17.431373,10.178699,11.641546,16.552621,10.282035,7.093513,9.530617,9.608504,16.558867,12.049291,10.634184,15.634588,9.560732,11.290284,14.944660,9.296380,8.499887,13.304409,9.373293,14.716872,11.636852,10.572640,16.223628,19.907142,7.208388,8.645906,11.187393,10.500009,7.483245,12.111797,8.165740,8.081335,11.801034
17.156876,14.479036,16.349387,11.184550,10.436417,16.158078,15.072395,6.875491,11.476810,13.409183,9.597279,14.235706,10.572767,9.689239,7.575119,18.106293,7.613903,4.882477,9.470861,10.356180,11.808139,10.153604,14.737605,15.386942,12.025225,10.788450,19.329411,8.035841,7.138868,9.817652,15.422924,12.513621,8.069919,13.163575,15.355066,10.033323,4.497731,4.419688,10.087354,13.632492,9.581642,9.263800,13.041173,13.266784,12.236056,11.590418,22.072022,9.682922,14.824084,8.737680,15.031374,8.466688,13.539618,10.850459,10.466794,15.832344,10.722088,8.279605,16.741180,6.008734,11.239824,9.639712,14.062226,4.934244,7.556363,5.072922,9.817506,1.584442,11.509952,13.406231,8.418497,8.183243,12.413920,13.937971,4.177014,6.489780,13.444190,9.630817,9.618316,15.812541,6.638235,13.530897,10.452509,6.435571,16.106201,9.197623,6.645733,10.558336,3.079019,4.758677,3.601402,10.929098,4.574254,11.872923,8.693304,8.185673,16.642924,16.024981,11.919005,10.350184,17.734796,6.995468,13.785200,6.687606,11.202228,10.948514,10.326433,14.726966,14.728976,8.451434,11.489289,7.213086,16.729723,6.952787,11.583396,10.401684,8.772616,7.642507,5.847582,14.411794,15.186606,13.488534,9.633725,12.959695,11.988188,12.623283,8.678920,13.357092,7.216884,14.805586,8.937721,18.869204,13.868059,12.367980,7.555623,12.526792,7.980463,16.244382,7.994145,11.533062,8.898613,12.446628,11.115190,11.821996,9.073155,9.306295,6.460615,4.670338,9.580383,8.255650
9.743678,10.931216,15.602034,7.842573,16.152304,17.429759,6.226846,17.023849,12.743376,8.759454,10.765892,9.234540,2.729238,6.717186,10.781349,7.506308,8.927543,14.060778,4.658212,12.644115,6.673695,8.855749,18.756807,11.438682,12.038957,8.334613,5.265680,7.466016,15.310028,8.797699,12.563234,9.764914,14.103676,7.829588,13.796437,14.865981,12.509543,6.770877,4.296556,11.391623,8.796259,1.162084,9.041183,13.488069,5.170332,10.447416,14.467900,13.573211,12.908846,13.177462,13.645653,15.093577,12.765252,13.931211,13.162230,13.107636,11.832822,14.720992,17.725522,11.883856,9.951382,8.469559,10.023905,8.320205,13.677410,12.814679,5.999881,10.746484,14.537431,18.433204,8.637925,12.128433,10.026597,15.198671,14.027321,7.107065,14.350800,15.879977,5.758303,9.096332,14.069724,10.079228,7.871550,9.971183,10.082026,15.442218,14.994348,10.742198,11.635483,9.724888,10.609099,15.662980,9.872366,9.785774,10.851865,18.731997,11.234222,9.164333,18.649449,6.348229,16.286936,12.294831,13.673298,7.200406,9.271400,14.996963,10.497660,12.388883,13.644565,9.102212,10.083735,9.184088,7.489718,13.327884,15.170308,12.511316,9.288162,10.283471,11.285364,9.247664,8.614718,8.874254,15.075398,13.608401,11.507872,12.214840,14.003594,7.581748,10.565239,8.229783,10.929236,12.991926,14.149888,7.845836,2.088053,9.212449,6.694085,10.097895,9.899063,8.546838,10.365123,11.877982,14.198601,10.582451,12.498268,6.726872,14.031693,8.280507,10.393820,5.022220
9.359684,7.517830,11.446995,10.308844,15.084657,12.378606,10.965485,7.285029,14.827164,11.293988,8.549593,6.648668,13.352915,11.585944,11.845902,9.719987,4.003733,18.479906,13.269759,14.759517,14.154634,9.417067,3.817024,9.498479,10.117065,9.521579,11.978355,13.976681,9.096560,9.814780,11.969450,10.380042,10.528785,14.568006,12.746195,11.080018,8.211603,14.429434,14.154678,12.785128,8.991556,2.312174,8.785400,6.602274,10.574044,15.980367,11.091362,19.634569,8.049203,11.132048,17.491585,2.486634,15.400513,14.399119,6.033909,9.200952,6.859130,14.822562,8.101797,11.563705,10.455115,11.601273,13.409628,9.735373,9.453747,7.043921,16.432288,10.711955,14.411388,14.124115,15.269229,18.499273,4.353678,6.599649,10.651577,10.584445,13.693821,14.224102,4.449903,8.862266,7.132522,4.767276,11.966550,13.319987,13.257492,11.811997,10.013151,10.155746,15.877177,10.580003,12.863803,3.575409,4.384512,15.388790,10.171591,13.862949,11.123142,9.373253,13.106367,12.889834,18.486910,13.319689,13.945612,8.594633,10.504530,7.653768,11.159828,13.596584,3.978977,12.463926,11.231578,12.223257,11.612816,8.134165,13.404601,8.596073,5.359865,16.220720,11.373899,8.185662,7.700796,9.272610,14.006713,7.407514,15.604672,4.455727,13.691237,8.096140,8.428938,8.330760,15.231387,10.845643,15.923420,14.683882,4.514461,14.174027,12.083664,5.766413,1.980635,5.852023,9.259135,12.748117,10.399948,17.366307,12.149814,3.806121,7.516730,9.669080,12.479750,9.169831
12.398535,4.754859,5.918399,10.747425,8.951528,2.249062,12.399154,5.837833,13.963247,11.245578,13.044105,11.182250,15.595647,14.301092,14.504791,6.735966,12.050551,6.102856,11.269487,11.382436,13.789144,14.883937,8.882734,8.506127,13.007488,2.191400,10.792362,10.862024,6.349155,11.301220,15.462184,11.394201,9.467986,12.781392,4.532331,15.577316,14.844650,11.481364,10.194637,6.271122,10.412631,2.665921,12.861878,8.971584,7.645003,11.959815,5.171532,13.102590,7.917516,13.857716,15.332710,12.618712,12.342555,5.874207,16.233596,4.425786,13.308815,12.870355,13.354159,7.267834,7.766314,14.586726,14.580495,17.835872,13.093422,8.772068,10.965834,13.153629,18.303373,12.851233,0.240477,8.972338,13.478473,10.559758,7.005794,6.360422,13.684477,10.237077,12.105089,13.391090,10.312714,12.465661,6.036663,4.737673,4.909746,12.589569,9.393015,10.508723,9.193561,6.033612,4.897439,12.348512,8.517531,11.628950,12.753667,5.503150,11.394727,12.246911,9.272392,13.325745,11.405008,5.193276,9.942653,5.378970,3.456373,11.019388,11.177098,12.620976,9.082759,13.588784,10.498885,7.293866,12.977038,8.221053,12.597367,9.856993,10.610143,10.379245,8.553035,10.553376,9.756138,15.511193,7.186334,6.277125,10.195491,13.780931,10.076940,10.591223,20.004736,11.563045,8.093173,9.124328,3.329582,9.263953,8.548962,14.438011,6.618097,7.462959,5.173720,12.519742,4.449288,13.070850,16.326628,8.033032,15.076665,10.200466,4.624360,12.842975,5.850080,10.329738
9.683450,8.978358,14.727052,14.985079,14.035776,11.225636,12.222607,9.792135,12.018479,4.329145,12.301274,8.198291,14.810729,8.572943,12.589018,9.946797,9.818082,8.853344,10.303307,11.257819,12.545416,11.034574,4.755864,14.685329,4.965379,13.776859,8.274349,11.556540,5.837084,15.340552,13.987487,14.254493,14.125731,12.025143,7.832742,12.354154,16.208964,10.457546,16.562969,10.464051,13.880876,11.230838,10.507855,15.779714,9.610171,7.423247,4.907025,18.682260,9.633954,7.625081,6.044076,14.232429,10.786227,8.193430,11.771403,11.100417,12.996896,9.982155,10.709850,13.062103,9.799416,9.192052,13.911551,17.043484,11.484709,15.958865,13.459962,8.484408,10.295975,15.242537,8.070061,7.001300,12.772453,9.435142,15.638804,8.850472,9.437595,7.225751,11.620950,7.310648,12.331403,8.557832,10.090747,7.065073,9.122323,13.032862,15.303994,12.512768,17.274681,12.160150,3.253068,9.110891,14.860267,11.927315,9.679278,8.646447,16.879530,6.043121,9.625584,5.902833,11.860753,11.785645,5.617240,4.822631,17.205200,9.045246,12.113675,9.326352,2.728598,11.194486,18.117699,12.154543,0.098023,4.813470,12.389520,16.033609,7.104401,14.729331,8.132590,11.432335,13.446828,11.473390,8.281032,8.499525,13.454315,10.105604,12.799106,9.461464,8.463692,9.313247,9.838856,14.676378,6.907423,11.378724,15.993331,13.312273,3.705857,16.195010,16.433230,6.991427,12.219792,12.919033,11.356637,10.546005,10.771317,15.378810,3.916915,7.914625,9.485326,7.918333
7.746848,15.041011,9.398496,14.190137,12.064528,11.664359,8.083717,10.250468,9.247173,11.968953,5.793940,6.286652,11.285609,16.604014,10.113486,12.884508,5.265637,2.399657,11.332166,10.126353,11.557464,10.159850,11.571864,8.687142,13.086424,13.247327,15.775825,10.441440,6.383237,4.055593,13.502049,17.153804,10.275476,11.106587,13.229667,12.886164,11.273336,10.334829,5.543253,14.822565,7.117708,8.716945,13.039995,9.295584,14.217542,5.394740,10.158060,6.101831,9.742125,15.055000,15.474215,9.212818,8.472381,18.713333,8.433093,11.881485,16.135985,7.214554,8.839630,16.583896,8.521441,15.104454,8.049377,18.466269,11.428819,10.264592,13.083167,13.100606,15.006298,11.543481,6.064561,15.930008,14.746982,11.198099,4.461508,13.318475,10.057916,9.711588,15.248903,12.224425,10.868196,12.161878,9.333643,12.058595,8.259489,11.649647,9.181932,11.802186,13.240935,7.180704,9.190108,10.053072,11.699843,9.818598,11.735753,12.279303,8.906305,7.314182,3.349787,5.364711,1.768498,12.416503,10.303000,10.745314,14.957910,12.873715,16.086961,12.729580,10.956178,15.366332,7.892478,10.113166,16.891665,13.911570,11.389777,8.316656,11.297102,11.329334,8.269154,9.640955,8.952657,10.575577,18.161343,4.782260,10.413941,16.399067,9.583425,14.964708,4.317675,12.053407,13.535638,13.014654,11.196964,6.324410,6.990397,6.627028,9.200014,1.916403,6.264274,14.028380,9.449329,14.202283,13.506778,6.484345,9.597890,8.356990,9.090942,8.908562,9.628791,8.731129
7.263353,8.971438,7.220796,13.073872,10.344768,13.532014,8.490873,15.161805,9.563990,8.954721,7.437845,6.642790,13.224062,7.727774,11.983355,5.922024,10.159128,5.696839,5.915897,11.720829,9.004796,9.110220,7.038637,14.575030,12.422511,9.424207,15.804551,15.878445,15.191171,7.383158,14.235960,13.567024,5.143100,7.944271,15.263589,13.233353,4.747059,12.787711,9.687636,12.338348,9.723906,13.294697,12.788187,8.795207,6.254047,7.845042,18.729552,10.985008,5.391937,12.020238,12.291684,14.383714,5.865979,9.682329,12.909240,14.354557,10.161530,14.415951,6.281285,12.305591,13.128724,9.923444,10.269839,4.946026,9.864877,14.331705,14.474697,14.941321,14.181648,10.891116,12.353452,10.449330,10.895572,10.121317,12.698391,7.794339,8.834394,9.632649,5.380590,17.734810,11.589220,12.193200,2.837037,2.933179,11.444096,14.521232,14.220289,11.183862,11.241612,10.156340,11.993118,7.250140,12.521600,8.742910,9.536373,4.500915,13.910531,4.129699,13.499967,2.140032,12.057241,13.138307,5.290775,12.678814,6.803195,12.781575,8.267884,17.108890,9.985977,5.425726,8.961715,13.507632,13.423261,10.612376,11.222840,15.847370,10.846926,13.859343,16.072106,7.056636,10.297880,10.966601,6.215119,5.839245,16.602972,15.067076,12.995612,7.473382,15.882041,10.923658,9.803317,13.471669,8.988110,9.539905,6.218669,13.837264,12.642632,8.522579,6.179803,12.090655,6.193023,16.346306,12.036764,14.689939,9.579213,5.834582,12.859070,9.397283,13.553144,7.834148
10.128311,7.049697,5.428477,11.842025,9.719439,12.227617,12.030915,18.621561,11.586722,13.820542,7.947211,14.850956,9.949430,15.982176,5.534005,10.946904,7.875452,6.716498,7.883305,11.593375,10.458007,11.101020,18.726687,9.535190,13.826689,11.094946,10.962888,17.313267,7.515983,12.874409,5.846285,20.764936,13.634548,7.496458,9.965375,11.845754,19.577485,13.037423,7.391520,15.266261,10.219945,4.873997,17.378941,15.018310,8.716757,10.862891,6.044004,15.467123,8.599979,7.385062,10.975954,10.943576,9.852837,9.762356,7.415382,16.798189,12.837388,8.918565,8.579714,11.984286,8.209629,9.226854,15.032579,13.151852,11.725254,4.640181,12.684006,7.709567,5.385686,8.012408,17.361566,11.523028,9.298665,9.931063,17.645708,12.586234,10.067366,9.542569,11.268155,8.418322,10.706999,10.959195,10.432121,12.597923,13.568608,8.021792,6.145783,8.093039,8.875936,13.675776,13.429115,12.623113,7.953653,12.692769,7.125038,11.042477,15.868446,8.680041,12.496326,15.229122,7.000508,10.083770,14.260084,7.689146,5.821031,12.652343,9.730286,13.971484,12.064705,10.794770,1.488421,8.483889,9.918290,11.419993,9.995217,7.244989,12.323435,15.321761,6.324803,14.170016,15.513578,7.207076,8.181618,5.013302,11.542615,12.073476,12.817179,12.594876,4.715252,10.723603,15.146533,2.006730,8.174201,9.187053,8.153605,8.281562,11.407852,15.694626,9.331508,5.454379,6.502499,9.465516,7.390503,12.280560,8.732946,7.115251,14.087103,12.400404,15.033352,7.378346
12.314480,12.785721,10.210847,15.673613,6.872034,15.841671,10.032199,13.610628,14.089775,9.150724,8.527928,12.123387,13.608068,15.546653,19.203628,11.254438,6.394583,11.741806,9.637964,9.912024,17.169996,8.380244,12.548324,13.433174,7.170675,13.860956,14.499899,7.750827,14.217749,14.474351,0.777765,5.315259,15.328494,10.865305,19.357122,15.631412,6.530504,15.615974,13.396755,4.778416,7.835977,13.970090,15.228873,17.965074,16.824727,13.113023,5.578216,14.529115,16.610179,14.489260,6.977062,14.835051,7.030840,10.261153,8.030857,8.225494,7.307253,5.741503,16.078113,15.250917,8.324231,5.309752,7.579141,11.902790,8.779956,7.013349,7.584826,8.826075,10.010560,11.630080,10.332819,10.690368,6.568496,10.908885,11.561961,11.276987,11.540942,11.611828,13.636152,3.696909,11.464866,18.148503,-1.244185,10.581308,16.287498,12.382152,15.697079,4.814979,12.122727,16.454652,6.302343,12.255006,17.023283,15.393768,5.182107,11.389554,11.802205,11.133216,14.129961,10.880146,9.581532,15.487448,12.278177,10.420253,7.452117,6.647355,12.074239,7.130065,17.000044,1.111273,9.750661,17.050470,13.559222,5.936143,7.964020,7.374148,8.138350,10.379388,7.430734,9.708140,10.295856,11.972150,18.651516,3.069332,6.374986,6.357357,10.160499,11.975578,13.193949,9.463792,13.589616,16.861084,11.248076,12.295067,10.165267,11.426795,10.534667,11.241461,10.866862,15.767364,12.262345,8.335314,13.265907,8.325279,8.836604,7.559540,10.809316,5.017082,9.620056,13.518442
10.094348,15.302537,8.234954,15.295620,14.973881,17.431360,14.266132,15.207352,12.027574,5.700730,12.393440,7.455979,9.139417,11.093288,14.228371,9.077092,13.030715,8.618216,14.698381,13.277553,5.408609,17.637724,14.653741,7.120353,10.426140,6.941960,12.728281,10.623180,12.286245,10.270497,11.216469,11.296036,7.684086,13.142808,16.824202,9.768354,10.583354,10.455327,14.559053,10.325050,10.764896,13.275032,13.077488,19.484142,10.530129,13.068380,9.506975,8.488494,15.703567,10.253987,12.329284,5.200597,4.524457,14.235468,8.503194,12.323873,6.640039,16.459215,5.540080,7.716899,11.508365,5.651334,10.012101,10.276124,13.734295,8.175393,12.161230,6.840510,9.957323,10.634030,11.631283,9.462902,13.287570,14.245037,8.347053,12.685614,8.208998,7.957898,10.532636,2.535351,7.350147,13.087278,11.437074,11.051231,13.464380,14.060326,7.153523,11.107901,5.696333,10.629830,9.010998,17.529001,12.758765,11.028729,9.545838,11.858478,7.471466,10.326446,5.287436,9.052046,16.192757,12.822270,8.556682,9.475284,11.615645,13.235004,9.848281,17.411225,16.881788,7.813485,9.487066,4.684991,10.729477,10.542905,6.446327,10.402603,9.623369,11.769169,17.550365,14.882700,7.616171,6.234739,10.589239,7.736379,12.633429,13.934770,11.454720,13.220327,5.221070,13.959811,12.233894,9.542826,11.833078,9.458933,8.368350,9.827327,15.561106,9.318212,13.170853,13.633944,9.675410,13.753002,17.305639,7.735920,7.622933,9.111986,8.682018,8.107420,16.927266,13.443347
14.757882,14.303357,8.792214,11.263392,8.834834,8.976487,0.575916,15.085082,13.562426,11.716211,9.386328,15.990384,11.712790,6.335313,15.622127,5.733626,14.844012,11.974320,7.030180,16.850630,10.884543,9.970868,8.438124,6.737590,13.207422,10.560914,12.884436,10.357292,6.786484,10.553871,18.791733,13.582403,13.781392,7.558060,10.668430,9.919787,11.599419,7.135770,13.070219,12.562981,7.110793,19.298398,5.099769,15.550484,16.058220,12.219952,5.891530,9.134488,14.759948,8.362185,11.145833,17.255496,14.844895,11.990487,17.920441,8.011394,10.541751,10.081303,3.837208,9.488963,10.059537,5.949840,11.844390,19.759133,9.819089,10.944823,9.384996,15.637712,14.685043,5.445194,8.019582,13.275778,10.300421,18.008018,10.498582,10.978824,10.086676,6.709008,13.717573,10.788230,10.554082,9.465462,9.227685,16.013256,9.563216,15.788897,-0.345274,11.367042,10.394985,6.636202,15.769191,14.866245,14.094624,6.296987,9.500490,8.287523,13.681595,11.864563,16.121741,11.716654,14.139420,10.478530,5.372621,8.900373,12.926050,8.387169,4.505803,12.238976,12.251260,5.708736,13.276311,10.926527,7.028639,14.972724,15.581817,8.850020,6.358716,10.563946,12.338568,11.534779,11.565838,6.295019,7.324687,9.399644,10.490134,7.978861,6.514537,11.778715,13.128993,7.808380,14.568975,8.040344,12.236164,13.463202,10.738510,14.789963,9.725576,6.261239,7.496207,10.986659,9.075178,10.503227,15.869415,13.102021,2.900753,7.376116,7.977870,10.163579,9.529493,19.762080
8.335196,14.039574,14.673695,8.389503,13.129102,7.607621,15.851503,17.192378,6.350899,14.913264,7.996377,9.705046,10.954606,14.240801,12.621434,6.098387,12.525253,9.070422,16.145604,10.919886,10.887267,17.119768,12.234923,13.497328,6.509308,10.376311,12.051594,10.947076,15.450859,5.678432,2.261737,9.771244,8.863944,13.413937,5.878587,6.651772,16.833425,12.621871,10.363477,14.668637,6.958910,9.465667,7.972755,8.525922,14.822374,10.115204,13.238459,13.312368,12.030968,6.380793,12.442853,13.334727,10.940640,11.405620,13.306839,10.364774,7.697033,14.359198,10.622641,9.056078,11.406280,9.263817,0.263050,12.866399,8.204976,9.457608,6.406186,15.278630,14.976112,12.187792,10.968405,14.063146,17.565065,15.490287,12.023358,12.146074,7.359807,18.055671,12.870942,13.081716,10.085006,10.417549,15.850388,7.618586,10.136251,4.521005,14.631112,10.684147,14.207098,6.536271,10.007613,13.525690,13.360596,8.554615,13.520409,5.142726,9.692155,12.047969,15.252088,8.420891,17.594325,12.939584,6.013922,14.477143,12.643308,10.137775,11.284937,12.162895,14.595051,10.821916,5.246474,7.512139,16.975516,5.844839,12.285262,10.614358,9.028585,8.804204,7.525949,6.810694,8.902414,8.408320,8.247288,5.207624,6.791568,10.437787,12.944889,13.097069,7.778723,9.862408,12.198793,7.534375,13.339288,7.649305,2.239055,12.785380,13.181458,9.178708,8.180336,12.825659,7.900612,11.579738,7.898606,4.886076,8.288590,5.567042,10.923960,11.564092,12.366812,9.143683
10.202942,12.176537,14.229065,9.893014,13.686987,14.209159,14.463959,7.516737,8.616988,12.783190,2.997423,6.338421,8.266606,11.123106,7.069793,15.806294,8.805381,13.493837,12.601969,14.421430,16.872470,11.096637,11.784504,6.380712,9.885800,13.059619,5.186916,8.833849,12.155956,3.510699,7.346343,9.766912,7.848502,11.872658,11.216504,6.642545,3.565707,11.301346,11.542241,13.894806,10.596023,8.878033,5.611713,11.366210,11.856949,8.266274,7.389785,13.733038,8.703068,8.289468,13.986694,16.925136,16.622527,8.248919,14.298673,9.803754,10.938215,14.322837,12.814531,14.831584,10.446549,11.034923,14.678661,14.922498,-0.606793,7.456816,9.316718,5.848211,11.307050,6.910097,6.402584,4.469282,12.431771,17.730802,4.870222,8.360786,10.487787,8.588899,7.285825,14.712349,11.684009,4.845533,13.422598,6.538715,16.993876,10.212066,10.114829,13.138937,12.672303,8.875133,11.390357,12.641765,11.136936,8.586065,11.430331,12.911573,11.315794,6.322977,8.834325,9.259821,12.561965,10.322818,11.337776,13.550698,8.556323,12.919177,6.868939,8.238962,10.916715,4.981643,8.743518,12.838299,7.884274,5.025401,16.793868,12.797143,11.272595,14.588104,12.636792,6.353912,12.540622,6.621350,12.431985,12.103535,15.760993,10.013411,7.655833,17.610927,10.417325,8.842560,5.115436,11.242299,17.401055,4.107353,11.456774,7.172785,13.945270,12.543888,11.403309,4.649785,8.221796,5.071364,9.786638,8.821679,11.323496,7.375927,14.147162,9.801359,9.008957,12.585927
14.871660,12.791751,7.902476,15.861300,6.720042,16.809860,12.439661,16.281741,11.796570,12.145956,10.506039,11.975829,9.753947,4.925474,15.346024,3.517309,16.274972,14.092712,11.689780,8.654121,11.090252,4.526814,12.173895,11.376806,9.774976,10.922484,3.992012,6.894165,9.794149,12.694155,6.042383,15.143767,11.646776,17.506655,14.727532,8.072229,10.593932,13.608707,12.903757,8.556507,18.162017,9.814116,9.245562,13.722796,13.491579,11.254972,2.703692,14.695244,8.658674,6.011568,16.203890,13.271996,11.340934,16.462922,11.093759,18.439385,9.998718,7.019114,6.940099,10.546694,8.516868,11.246165,15.602871,7.178014,7.358570,8.983374,8.649052,12.261947,8.954885,13.613696,14.555054,12.230750,7.432903,15.139939,9.049043,14.846036,14.999892,13.344972,14.894304,8.063272,13.613094,12.133549,16.090036,7.995863,14.120330,6.882180,13.025059,12.998311,7.210072,13.284265,11.786185,11.257395,13.982387,10.541686,10.018139,7.896426,11.191994,16.559591,14.866285,7.309951,10.661345,7.375078,9.909170,13.440159,6.778095,11.501314,16.021086,10.255360,10.582609,4.034013,8.932182,14.717055,10.383413,10.219364,10.740459,9.055769,7.480890,6.425604,3.650922,7.731402,12.334826,6.458601,14.057206,8.059145,13.935264,4.879712,13.487227,11.822413,7.199213,9.550469,8.844680,5.026430,15.553081,13.786878,12.092757,7.826286,9.076411,11.200819,17.875942,11.718407,4.584017,10.903939,19.114476,5.354883,8.257813,12.732047,13.098337,16.102724,10.477641,9.697151
10.698759,7.985541,12.148420,10.214078,11.857583,16.689103,10.729128,10.434118,6.051917,14.390526,10.579753,14.270537,15.211269,4.821414,15.622957,9.866860,11.726201,13.354432,11.041112,12.422899,7.800389,12.550025,12.575622,12.377872,9.915322,17.463510,8.103983,15.347025,9.289896,14.316749,9.318474,12.377345,9.777091,5.873296,4.792099,8.852467,5.449383,10.476462,15.075594,6.278767,11.670812,10.087639,7.850455,9.775221,11.120695,9.849562,11.582044,13.736770,16.005471,16.521642,12.658288,6.110176,6.735271,17.311505,7.211008,6.626138,6.018997,11.993830,8.114237,14.453036,13.351820,9.684813,13.476926,12.878911,15.105300,10.524909,8.814760,7.353431,7.309254,8.739514,8.209561,12.683605,15.008959,12.374527,13.454828,7.861615,14.037292,8.071540,10.066876,15.757271,10.706649,8.368347,15.943486,17.222665,7.933994,11.058511,7.685544,12.069650,11.531907,8.193000,13.269258,12.438061,10.765755,14.340156,10.829356,17.988268,13.814956,14.795187,11.602908,13.761424,3.257372,16.134352,14.233477,14.074033,8.993294,11.058853,7.037316,5.910755,13.075773,14.493047,9.228565,7.951591,7.800559,8.919564,10.987923,8.692975,8.637513,15.684577,7.638829,5.265980,8.996824,7.384205,8.739879,7.339487,16.025201,11.059845,15.800950,3.682575,6.054123,10.420384,9.448119,10.627379,8.929016,6.167962,12.606891,12.345671,6.752187,13.301015,5.959411,10.063392,11.308267,6.185618,10.378664,10.460112,11.580250,7.338967,13.427969,10.139807,9.250764,9.754702
9.010688,10.548174,12.297509,11.793298,15.587114,10.998998,11.851710,12.092885,11.725837,13.161894,5.193942,15.841057,15.075339,16.022375,9.892773,11.854568,11.154352,9.821642,7.293747,10.393896,13.702615,12.247676,12.151535,5.266616,17.225143,7.901698,12.508841,10.254097,10.320861,16.463096,5.287881,16.790269,7.984475,13.201021,10.750166,4.236917,19.424708,7.745733,3.076600,12.859791,4.057135,14.438061,13.240472,8.929214,10.589388,12.160184,13.966015,15.782693,11.893151,11.699239,10.798527,8.420681,12.533610,11.805544,13.995269,5.753322,7.707953,9.189177,10.535933,16.139631,6.375271,14.851610,14.369781,5.913066,12.619130,11.502077,10.220443,6.521727,8.008126,17.948680,18.603818,6.779945,8.878632,8.512089,8.065230,3.175648,9.104096,13.277018,9.775602,1.034282,10.774650,17.065407,12.512358,14.506937,11.886381,11.201314,15.929451,6.087406,13.520528,6.862862,10.562696,12.978255,10.452992,4.854817,12.467328,6.359516,10.940803,12.364064,4.738897,12.860825,13.169771,16.592105,10.317448,15.753193,7.793633,11.739205,9.514672,9.565442,18.450157,13.752739,13.366000,10.286830,10.325271,14.247911,9.972756,12.686563,8.689654,7.949212,6.686465,11.444672,13.111404,8.546547,7.944146,13.496698,8.854636,10.767582,11.691629,11.154106,10.058616,8.464329,9.202864,8.034833,3.962844,8.332950,12.923011,7.306608,12.599486,11.479701,7.436010,8.800457,3.831898,10.450841,12.083525,4.014434,11.331025,11.278165,12.920980,9.925195,13.441897,13.283754
14.491498,15.345761,11.797252,8.659969,16.312148,7.462857,14.589533,9.184904,5.361571,12.044780,8.868707,11.130567,13.753269,10.263429,12.373816,14.404129,10.019924,8.018848,3.820006,9.305990,8.927080,12.503120,4.339133,14.369289,14.310505,15.670020,17.795300,7.907601,10.729220,13.125325,10.078767,12.805012,8.598218,10.116980,8.295297,9.925324,11.276138,11.780398,14.609302,10.288374,5.937589,17.781196,17.649955,13.189068,15.074844,7.497821,5.558823,13.819982,11.250036,8.210701,6.331358,12.146794,14.832572,11.225541,8.485334,8.194311,7.248125,16.334280,9.225430,8.643436,15.885147,13.984903,7.849181,6.239246,6.651937,16.692863,13.228699,10.096826,14.748759,12.450953,12.381332,6.777389,15.674111,11.416647,10.314219,11.305626,10.739671,15.923680,8.257970,10.282035,8.273806,9.549767,12.668066,12.696839,4.660253,19.125508,11.284554,16.710864,14.346081,13.976986,13.595145,13.651134,7.823259,10.759516,7.073005,10.260391,7.435993,12.745175,13.476176,16.775096,9.461411,8.449746,6.399949,11.760217,8.248457,6.280303,8.545553,10.125121,9.640169,9.922482,13.706243,7.840067,10.589786,8.568874,13.334278,13.865833,12.159231,12.205497,11.707974,3.641151,9.896710,13.855504,13.144105,11.302443,13.398228,9.100008,5.898624,10.177981,9.728991,6.727298,7.816915,16.154619,11.783039,5.497637,15.757210,11.285053,15.491216,9.729935,7.322880,10.190098,10.989634,13.598199,12.857321,13.908751,9.914983,11.539415,9.302753,18.502394,9.892925,12.439877
7.454608,15.166821,8.749602,15.289346,11.275508,18.069208,6.600429,8.244196,10.114878,11.720364,7.382077,8.118101,10.511213,8.378532,13.749258,9.277623,14.982012,18.039050,16.586983,10.146905,11.935039,7.042940,5.964746,7.242786,11.457140,6.880396,13.267808,11.429536,15.229000,13.541627,9.064642,9.451146,10.594016,7.876735,11.911564,10.018225,5.834561,11.326200,12.916724,12.391395,10.584643,17.442273,4.717884,11.187933,11.640732,10.115032,13.001294,9.103249,5.409132,12.259530,12.141661,10.139300,14.448423,19.191860,5.300971,7.717311,7.328031,0.633933,12.849287,6.782815,13.613467,9.846175,10.987814,15.029086,14.078634,3.902023,11.590961,8.054024,14.544221,14.743842,12.175216,13.570535,12.203133,16.827647,14.105352,9.376756,11.787881,13.767517,9.213500,11.417774,14.595109,13.711600,9.957728,12.318508,10.580738,13.382880,17.898850,11.445681,14.618086,6.530872,10.037188,10.661063,17.324896,13.899118,16.161453,9.968187,14.387155,4.990611,14.886484,9.238892,5.572513,14.907624,13.258979,10.355493,13.071579,0.391642,5.708527,13.106986,7.252925,7.832248,3.784373,8.761044,11.267371,10.679885,10.398093,8.451382,11.199256,7.947454,8.506160,12.488324,16.007004,4.255466,14.256325,14.295775,4.649156,7.262653,14.689575,9.615257,13.721365,7.267278,12.405183,5.515442,13.902084,14.187219,10.962934,10.682927,5.347064,8.827633,13.481416,5.836576,6.214967,12.106719,11.802489,10.122417,9.432118,9.327360,12.269742,6.761073,13.974838,6.550583
11.655185,2.085694,13.531252,11.879537,9.369372,11.602356,12.831069,8.025199,7.929270,5.423979,17.992516,9.906234,7.150115,10.195072,9.173595,15.149093,8.862560,3.689519,17.273629,5.595467,10.362120,14.913654,13.483169,10.070493,8.506849,16.068373,4.196683,15.677469,15.343542,3.079919,14.843897,11.679974,10.854833,11.272009,7.863945,8.145054,7.309063,14.728749,8.461602,10.010432,10.597541,12.034475,15.269394,11.564249,13.063932,6.551956,14.170948,10.641624,8.246205,14.900789,2.472008,13.815571,10.211712,11.001397,5.350225,9.811645,13.140232,17.087125,9.825555,11.501123,9.812425,14.475669,13.110036,10.406476,13.549201,9.846053,8.646970,18.123278,6.482824,5.444994,10.908770,9.732443,13.234306,18.592919,7.602510,14.733859,7.646212,13.972773,8.911501,9.783242,4.781637,10.756580,8.764978,17.427191,9.811189,11.543967,10.516611,10.082427,8.298064,11.115981,9.998380,15.331119,8.833669,10.587524,15.312437,10.933981,10.029815,6.866090,11.373760,7.198476,15.906858,12.511315,12.105659,12.109118,12.639724,7.561456,9.570931,10.972266,9.004063,5.945829,10.591349,14.181696,10.214605,7.460817,12.595661,14.716781,8.787281,9.521060,12.374664,9.459981,11.753802,15.692453,6.339291,8.839049,10.015262,16.589084,11.667674,20.217168,12.940801,9.939807,13.932481,16.691731,11.575111,11.075106,14.695069,9.000506,13.784311,15.876326,11.583810,14.881941,7.201067,13.849619,8.262209,7.792610,8.375421,17.073326,11.170640,2.817571,13.789733,12.005670
9.964947,10.825949,12.971211,8.991914,12.794274,5.097297,13.152370,15.439189,12.114010,14.261414,14.011279,13.549697,10.932472,12.181409,14.047844,14.738406,13.607266,11.670063,7.134162,10.819603,13.254527,6.327647,5.169717,6.702155,9.018844,13.981802,3.200685,16.634197,18.299524,6.413687,9.863815,14.968504,9.552226,15.394847,12.897124,11.420730,13.335516,16.469933,9.412148,13.804938,6.671564,10.950574,7.355699,8.763749,6.546670,14.866145,9.084319,12.996962,9.692821,12.102501,7.832872,16.567060,7.577993,8.050149,11.245467,12.325101,15.185622,5.381021,5.851977,11.583056,13.862118,15.206109,8.930760,15.698120,13.627723,8.027974,4.122702,11.659364,6.792524,8.495062,8.586781,15.156062,15.621664,7.204452,11.687362,16.590722,15.792500,8.145975,9.121198,12.712180,14.173432,10.373446,13.576379,8.117850,6.129633,12.433960,8.306796,9.058813,8.427541,8.769403,11.774346,15.245657,9.630129,7.935568,12.567778,15.952122,12.142581,11.762030,8.444444,9.624527,13.283419,9.587682,7.118155,3.572468,12.422505,10.107667,12.748415,15.970780,5.615198,12.128254,15.764148,11.584648,17.552456,7.836656,13.788708,12.160155,10.851266,11.575687,7.365560,7.816615,9.898172,9.145043,10.597800,6.374926,18.150858,6.782512,9.388006,7.089485,8.741628,11.317524,7.899530,16.937885,13.701668,10.586046,9.208203,12.438370,14.415497,10.304515,14.553560,9.872123,7.534016,11.998265,13.698429,5.567945,14.318244,13.753417,9.229704,11.731238,16.021420,8.161368
4.201971,11.594498,12.540686,5.538777,11.611937,15.200655,0.254299,8.725835,15.279227,9.612892,9.877652,11.660886,2.707962,14.837215,13.617166,6.650475,16.549280,10.765726,10.687759,7.852773,6.722379,17.536206,10.652955,13.344386,6.300530,12.506373,11.216979,14.903999,3.300554,9.538237,7.893802,6.904973,13.162790,11.635571,17.170122,15.493113,12.590123,5.565804,16.574223,12.503666,10.724438,16.056284,8.856146,9.776057,12.600920,13.246753,5.411347,12.794164,13.272320,7.550477,3.405635,10.595229,14.362634,12.274840,14.313202,2.689532,10.421069,11.533432,12.199495,15.394394,9.059970,13.216344,4.814957,13.335235,9.480576,13.164111,7.651189,8.928918,7.644005,14.369823,7.205737,10.106223,10.286614,11.947317,14.017395,4.636404,6.720109,10.754919,10.399963,6.678938,13.033369,14.672647,13.085083,7.806061,9.620386,18.198952,14.254853,11.124192,1.222953,5.639351,14.349907,14.540721,11.298700,7.068694,14.881530,11.094571,11.970050,7.533414,13.084564,14.427829,11.728109,12.648233,9.431478,11.287954,6.870492,14.078778,12.485744,14.438645,12.059577,13.475916,13.392237,6.523228,7.919159,15.641069,10.935957,9.329142,13.570003,10.354161,14.593370,17.546215,4.729224,6.922723,1.023897,8.572298,11.281453,11.487161,10.366831,4.263435,15.666603,8.526617,13.476141,13.335166,6.664594,8.600570,11.243370,12.611168,7.302157,10.354842,15.742790,13.307102,12.458202,10.698197,9.182919,12.818830,5.330033,5.942234,14.485121,18.051534,7.037190,8.858939
7.456425,9.250697,6.435173,15.353778,13.251964,7.062610,17.017975,6.624252,8.399561,12.541680,10.649654,15.945328,7.633777,14.266545,8.343001,8.647935,17.757161,10.529753,6.853932,13.268700,7.713562,11.909393,10.339274,15.583127,12.001569,18.205533,16.797435,9.225931,14.747666,10.045584,7.630503,10.792772,2.337368,9.627635,17.069677,7.258609,8.207812,7.088735,11.063972,10.983847,6.025435,8.417520,5.839448,5.433529,5.982345,12.218253,16.633085,8.575435,14.469714,13.596957,8.730508,12.134940,9.055673,6.153920,8.307185,16.702282,6.396647,9.853898,12.645822,9.578584,15.479780,12.791538,6.711683,14.251244,15.054803,7.567599,12.272623,13.717278,5.403934,15.954351,12.012253,9.255249,12.590881,8.044911,11.565040,6.930751,5.552789,7.147495,9.146026,17.067637,14.935303,7.177535,9.905923,9.515534,6.953891,10.172512,11.052403,12.672562,8.016069,5.906691,11.162038,17.184609,6.296080,7.043705,13.198009,12.413176,14.485946,9.971206,5.603959,11.712765,10.258727,5.535033,9.164323,7.488001,9.341326,12.937160,10.275340,8.594284,13.561246,18.569758,8.783966,5.482721,11.794406,8.829442,12.681662,12.399984,9.782459,9.609814,14.196480,10.167931,5.462373,15.547014,8.447590,12.615307,8.660452,7.478016,14.457726,9.149345,12.799551,7.341580,13.227792,13.071517,13.426485,6.047728,12.703643,15.470516,15.407373,8.170082,8.796358,5.502247,14.140822,7.145051,8.932967,12.590923,15.334649,5.807263,9.481902,10.403373,11.489378,8.525503
4.895181,10.678554,10.930255,14.162982,12.231933,11.038003,11.106111,16.963115,10.642058,8.139466,8.081582,12.165933,7.265827,12.440329,15.286974,9.863203,11.453463,13.576647,6.068929,6.077393,11.502985,8.340333,15.761980,11.822987,10.345156,12.900501,9.567724,19.326449,11.470549,14.254374,7.506384,10.558836,3.075724,9.932489,16.135177,11.731385,10.715573,11.059413,13.440331,7.822958,8.074908,7.428161,12.379625,16.096156,9.301652,14.349271,6.148018,16.659231,8.221719,12.292763,16.631203,12.085631,10.676058,13.524817,18.344216,12.372091,3.800560,10.451680,13.222220,13.510266,9.092499,10.713144,9.144728,4.806366,8.777268,16.463289,8.780696,11.414919,4.559419,16.704182,12.328153,7.514022,11.835361,-1.655667,5.800635,6.518244,14.648251,7.796111,13.185416,10.498010,10.073501,16.694651,10.656073,10.692416,12.567952,11.587488,5.681227,9.635954,14.111093,8.035062,7.303252,10.184450,13.045302,12.331259,10.152615,17.875928,16.495801,5.841353,7.504463,10.882423,7.644717,13.690068,10.440256,13.083014,3.081989,4.865202,15.114329,11.729849,4.173262,11.279985,10.947007,4.595113,6.434562,11.829034,12.793354,13.491916,10.237642,7.828222,12.275509,8.090570,14.147905,5.674565,10.607136,3.132422,4.814374,4.435358,15.157080,6.465456,10.411528,11.306717,15.299051,15.084639,8.439290,12.152016,11.251794,6.310726,10.961869,20.238942,5.990029,6.667433,12.423904,10.043698,14.003782,6.256069,5.374148,9.587252,4.063745,7.627831,9.570152,17.368650
5.179862,14.325223,4.385040,10.977349,11.987137,17.479719,8.006597,10.081024,11.089962,10.681332,9.142489,7.931308,6.527818,8.032787,5.501237,12.282066,5.756833,10.898607,9.611925,13.631723,5.804431,9.271085,11.494246,13.517092,13.279540,6.554263,8.659627,15.658450,5.384154,9.963511,8.423684,11.477537,17.582894,15.314358,9.035535,11.934707,10.318302,13.448550,17.461257,9.648979,5.597897,12.184385,17.262971,15.296981,16.116515,6.472310,10.417292,13.684142,14.515707,10.497443,7.657991,17.282425,12.185294,15.492130,7.938396,13.542955,13.386468,6.212711,10.759059,8.796914,15.969564,14.968351,15.432019,11.874804,10.974065,18.374488,9.196966,10.533656,2.825049,7.335575,13.065931,19.153084,6.734211,10.002604,9.740126,7.720155,6.235607,8.200137,10.677017,9.500542,7.986093,11.325303,8.346035,10.651800,12.814192,13.579046,7.408795,10.916341,10.558023,15.289718,14.671752,10.733111,7.602591,6.009018,9.502403,12.426528,6.578333,2.655988,15.879400,8.748814,9.422135,5.642129,11.533374,10.612823,11.506477,7.167094,11.507239,10.369995,11.823790,9.475179,13.591265,4.010035,13.275335,12.902237,14.420305,13.277263,7.110286,8.290286,9.218773,9.987575,9.442776,13.475742,2.869705,11.621929,11.134043,12.376033,11.489447,12.588555,10.588438,5.407600,14.024233,15.449633,11.386754,6.595275,13.692096,8.161071,14.878691,9.344869,13.356338,13.434085,9.167787,6.821616,10.154769,15.444885,8.280848,7.629393,14.238820,10.755826,11.366676,4.989828
16.116513,11.836837,10.049925,10.183484,11.756038,12.542142,4.804973,13.804987,8.935038,17.441401,7.441807,12.580204,8.682064,8.458599,11.086588,10.803120,14.635589,14.594921,12.408966,12.892043,13.751774,12.139758,12.896725,12.888962,20.970115,5.897498,12.807411,10.767294,8.287442,12.012650,5.975068,11.550451,7.512165,12.738511,12.362528,13.737059,12.308172,5.638240,13.534129,8.527718,9.024545,7.318206,18.668556,9.951455,10.333848,10.436244,15.431172,10.245673,14.659079,16.908238,14.918724,9.467438,10.441460,9.544294,14.256777,6.312354,16.335689,7.457045,8.891336,12.629120,9.495394,13.152955,13.574552,14.087241,10.364781,5.370700,11.459604,9.956854,14.612113,8.814233,8.937865,12.621269,16.932634,10.855942,7.716224,8.208474,8.829677,14.461113,3.634203,19.725901,13.692268,16.563708,11.842335,10.617010,15.189381,10.373386,14.495768,10.442085,12.871276,8.665016,17.511686,13.626721,6.593487,12.863868,15.778397,7.658565,15.165081,8.748073,10.125184,16.524766,10.422498,8.248121,13.561904,8.894255,10.037501,12.024987,10.707132,9.676186,14.615432,6.835141,12.492941,9.184237,8.797829,9.772894,12.259900,12.298006,10.282129,6.287087,14.719102,8.649962,9.559444,9.064383,6.449929,9.919267,10.003051,9.153667,13.250920,12.291571,5.201183,11.036319,6.822200,10.422790,9.380600,11.180405,4.911173,10.363101,10.756213,8.215311,10.198287,9.139450,12.482468,7.289704,18.352891,9.204163,0.759485,18.047009,13.404525,7.650541,8.339344,11.797591
