3.559544,1.050992,-2.817165,2.847560,-0.896851,2.250739,3.731465,0.045898,3.533029,2.826609,2.493652,-2.350536,-1.400951,1.185020,-1.288037,-3.048924,1.578318,2.787996,0.044790,-0.174450,4.141216,-2.025348,-3.319261,3.541328,0.687800,6.199622,-2.285600,-4.004054,-1.121626,-4.049001,3.685458,-2.394769,-2.730489,-0.937376,-3.509258,-7.782241,1.392040,1.816773,2.745281,2.381534,-2.363623,0.675243,-0.108481,2.660335,4.468114,-0.401266,-0.208259,4.143767,-0.858521,-3.877198,3.232555,3.320392,-2.416700,-3.192471,7.357676,1.831573,1.796829,-4.022260,1.196949,-0.450833,3.112740,-2.555089,-0.029107,-2.977075,0.725151,2.038990,3.664707,-2.318923,3.613474,-0.994325,-2.878725,-0.002758,-0.625915,2.322511,-0.428615,1.308472,4.466026,-3.190165,0.769684,1.141261,-0.264261,1.528592,-3.970074,4.879982,-0.938717,2.993351,-4.387440,0.579375,5.648156,-0.580341,4.475415,4.730258,1.421163,-1.359483,4.996881,0.394123,-1.715368,1.383418,3.297685,-3.451788,4.146366,-1.737805,-1.219727,-0.944046,3.894102,4.600629,-2.180674,-4.041636,-5.620807,1.270556,-0.952966,3.441696,1.164091,-2.364455,-4.809344,4.203670,2.074304,2.961632,-1.272850,1.209764,-3.113910,-2.153740,5.711746,-0.844398,-0.105508,-3.483039,-4.900073,3.467708,2.264860,-1.913393,-0.095342,5.223099,-1.598453,-2.228488,-1.207276,2.202280,-3.097275,2.725369,0.421837,0.069436,-0.106162,2.943152,-1.268476,6.002544,-1.102126,-3.889359,0.583492,-4.610788,-2.945034,-5.557908,-0.714917,3.709360,-1.129066,4.378970,-1.214167,3.656429,0.525444,-3.782973,3.612283,6.319695,2.532296,-1.887358,5.213704,-3.341421,-2.786207,3.821937,-4.423992,-6.072272,0.412080,3.526702,-7.017824,2.305583,3.429335,-6.185445,-0.873731,0.575576,-0.989963,-1.708727,-2.181254,4.077205,3.592873,1.830060,-1.976081,3.974573,1.949802,0.915002,2.219086,-0.802610,-0.106759,2.772460,-1.233582,2.775329,-0.320335,-2.654662,-0.055616,0.554735,-2.345101,1.897083,1.510201,7.549835,0.770496,-1.710174,-2.483613,3.308844,-4.356470,-1.316062,-5.979927,2.920387,4.193073,0.933594,0.440680,-0.561461,3.013496,4.631815,-1.352788,-0.326972,4.944040,5.023476,4.509591,-0.208303,-3.389323,-1.202117,3.364712,0.151657,6.131696,6.053934,0.404534,3.801633,0.307407,5.906589,-3.121939,-1.479303,0.717251,-0.153399,-3.504443,4.279334,-0.280921,5.783722,2.670624,6.682855,-0.939775,6.166062,3.370694,5.629129,1.812173,-2.324748,-2.344694,3.162369,2.425968,0.387796
0.847616,3.733339,-4.098914,2.000785,1.431623,0.037681,-0.820855,-0.889682,3.984782,-4.494636,-1.857317,3.559250,-2.249516,1.220498,-4.177001,-2.812091,4.147748,5.228608,2.783856,-0.141041,4.740107,-1.975225,-3.234488,-4.785865,1.687992,6.475501,5.553355,0.901788,3.429919,1.026631,1.547255,1.388414,5.136249,3.214719,3.793367,6.406968,2.941686,0.354879,-0.754262,-1.744802,-0.697122,-1.454532,-2.345974,-3.349621,4.453671,-1.638047,1.066243,0.013392,-4.143929,-0.812551,1.986015,6.611765,3.012576,-1.696449,-5.354031,0.713469,2.873940,0.726623,0.707394,-2.000045,-4.902470,3.232916,5.331650,-1.927934,5.640624,3.166302,0.693252,2.878312,2.238583,-3.171356,2.851764,1.799568,-0.731086,-3.354524,6.050733,-2.078236,-1.969040,3.098649,-0.539436,0.392358,3.673188,-1.372782,-0.317030,-3.643240,-1.840679,-7.092376,-4.898732,4.253070,0.506175,2.433288,0.434069,3.605476,3.087535,-0.125507,1.336312,-2.302747,-0.840868,1.689436,-0.214721,-1.383165,-2.249469,2.942915,2.574614,0.701527,-1.450243,1.679407,1.254130,-1.336367,0.713370,3.644096,2.331723,2.377954,3.238952,-0.242443,-0.730433,-0.135938,4.023868,-1.340988,1.788019,-0.570447,5.784765,-1.270669,-1.280018,-1.034936,3.884630,3.251192,-0.225754,-2.635580,1.719805,1.755349,-0.385188,-0.937015,2.485574,5.881553,3.208649,4.157947,-0.791648,3.724326,3.941507,1.156216,8.262126,0.216963,-2.497021,1.343321,-4.522882,-2.132636,0.419354,3.812128,3.291764,-2.601310,-0.346172,-0.477291,-4.327218,-1.252140,0.634648,2.001972,0.508154,3.783104,-4.980768,-2.196878,3.553901,1.763700,-0.558809,1.847760,0.596929,-2.651788,-5.165355,4.425627,0.428646,1.899683,-1.482967,0.388900,0.970471,-4.213164,-0.272941,0.272012,-5.079948,-2.213551,-1.729958,3.539118,-4.318690,-0.498222,-4.309622,3.642459,1.247620,2.908736,-0.974426,8.190346,-0.214329,2.001866,-1.814470,0.942903,2.280054,2.306376,0.475405,-2.764593,-3.031010,2.083114,2.283659,0.138480,2.715728,5.685637,4.702637,1.795943,2.265932,1.322293,-0.455707,2.735765,-1.015729,1.830276,-0.101577,-1.895545,1.807539,-0.773936,-2.098473,0.722567,0.999335,-2.029328,-1.179349,5.340775,-0.108705,5.979445,8.160539,4.630581,1.350563,5.101851,6.115981,-0.031593,-2.054146,3.878376,1.443156,2.463602,0.304388,-0.329699,-0.363441,6.491284,0.996825,0.631104,6.005846,2.149953,-2.481544,5.767569,-3.735727,-1.052034,1.803356,3.879291,4.017637,2.092052,2.204742,5.906320
-5.788590,-4.098475,-1.795315,2.817560,3.640793,-1.266601,-2.854781,-4.257798,-1.553729,4.047314,-1.376989,4.387419,-3.757839,2.219188,0.360203,-0.049295,1.817038,-0.462687,-2.725932,6.211198,1.622342,0.928480,0.659278,5.390644,-2.318323,5.867584,2.070717,-2.823823,0.186789,-0.146968,3.959160,-1.923337,0.329419,-2.786744,-3.670266,1.768403,-0.240920,-2.806131,-0.480102,-1.920450,-0.616707,-2.750246,1.371025,2.463094,0.884069,-7.354783,-4.678350,2.445964,0.690694,-1.736875,-1.224011,-0.321047,1.102405,-0.281053,-0.488618,6.213915,-0.743675,-3.784607,-0.649861,0.718185,1.758188,-2.188206,-0.939334,3.469979,-2.447881,-1.281935,2.147484,-3.318480,3.285218,-3.606687,-5.741426,2.855714,-3.775988,1.268298,-2.253098,3.419207,1.498598,1.779699,-1.299378,-1.396064,-3.026241,-0.945696,2.349317,2.530423,-1.120808,1.099141,0.081852,-0.818102,-1.978968,6.661313,-4.826448,0.357479,-1.660638,1.161294,-2.716777,-2.626971,0.607528,-4.371245,-4.437936,-5.476069,-1.778590,-3.150440,0.653574,-2.501737,-4.999327,-3.468330,1.755333,-0.248751,4.324697,-2.784847,0.567422,-0.798966,1.435796,-1.624471,-2.568119,1.194696,-1.526007,-0.566341,5.562125,-3.120589,-3.497058,-3.885918,2.317018,0.931791,2.363603,-0.603391,0.155112,3.993207,-3.306659,5.058945,-4.061422,2.827690,-2.652122,-0.578635,0.844574,4.742452,1.669684,2.325520,6.547809,2.641376,-0.583711,-2.963903,4.191162,1.904867,-0.923061,4.911894,4.405572,2.908072,4.584525,0.279988,-1.964281,-2.627360,1.697449,4.956428,0.451282,-3.051331,-1.189013,1.445018,1.124471,-3.391195,0.000762,3.015734,3.627191,0.843285,-2.946237,-1.905004,-2.289520,2.130845,-1.163260,-5.288867,1.146861,-2.158092,-3.710260,-3.573045,-0.723482,3.548211,-1.644611,0.895256,-0.384282,0.563582,-2.421553,3.616283,-0.643054,6.441004,3.725680,0.521027,7.119669,0.887132,-3.219799,-0.782637,2.940673,1.788657,-2.195059,-0.998618,3.210831,4.545957,2.659625,0.764636,0.881235,2.773455,3.405124,0.768786,-0.397398,5.230250,-0.019427,-4.087118,2.845231,0.773961,4.211709,3.490060,-2.678623,-2.332735,6.010676,-0.104370,6.166659,-4.544048,3.410222,1.414671,0.990151,4.981179,4.414628,-3.670451,1.436027,0.325322,-0.168807,4.824925,2.252154,-4.024142,2.536367,-1.052154,7.128552,3.714650,1.127164,2.318993,4.726437,2.242893,2.434133,2.412950,4.604436,-0.299452,4.566039,-1.125818,0.859516,0.973915,7.741162,4.417681,2.855635,0.870662,0.988802,3.070118
1.879955,-0.287067,1.603875,1.357676,-0.716208,-1.692017,-5.414190,3.989148,-2.738613,1.375468,-1.478999,-2.029502,0.300519,1.805646,-2.203484,-2.493975,-3.224601,0.679768,-4.582755,2.424733,1.717059,-0.293558,-2.256220,0.106862,4.127041,4.210208,-4.893768,-4.496678,0.579178,2.881820,-0.924172,-1.675276,-6.359546,1.027101,5.482359,2.958057,-4.339445,1.137996,5.399786,-0.673732,3.099651,3.792293,0.116150,4.783936,-0.925596,0.700143,-0.928044,2.811665,-2.125710,-2.109688,-0.833674,6.011479,1.284632,-5.642161,-2.367800,-2.003342,-0.052142,2.369200,-1.536938,-3.130224,-3.308417,1.713431,6.334208,4.805365,2.553225,3.046304,2.736830,1.576667,1.371912,-0.140399,1.663415,-0.722592,0.264015,1.048259,-0.981274,-1.948713,0.016902,1.061037,-2.632642,-4.267301,0.579006,1.935548,3.439485,-2.089555,7.113573,-3.330741,1.606027,-0.220370,2.898908,0.966666,3.615282,1.162119,3.338969,6.106052,1.858871,-3.652679,-1.618410,1.724198,-1.020072,0.739520,1.949410,4.196170,-2.315250,2.616648,3.591858,-3.057499,-3.300663,5.944052,0.247466,0.705727,0.895225,2.231335,-2.837562,-1.319087,-3.941784,3.645703,-2.330692,-0.217470,5.308497,-4.113873,3.112291,-3.734477,2.199687,2.556677,-0.695956,-0.103195,1.917119,5.078283,1.852543,4.852377,2.588983,0.757279,-3.862266,1.770885,0.540495,0.449577,3.486467,-0.841013,1.342788,-1.418689,-0.457948,-1.198688,1.453070,3.966167,6.967958,-5.136744,2.287463,-0.846991,-6.267406,-1.499089,-1.694231,6.800136,1.747360,2.275931,-3.126253,0.113958,-2.486336,2.544792,-1.228853,-1.092931,-0.372593,-0.903574,-2.266806,-0.438891,-1.698174,-1.170574,-1.580374,-4.248591,-3.377150,5.301785,1.638639,-0.498139,-0.759845,2.526974,2.091826,-2.332805,3.178826,-3.710169,1.984707,-4.894188,-1.555833,-0.056554,-1.083886,4.769328,2.528375,0.800035,-4.659666,-0.352999,-4.796508,-1.936849,-1.323748,-1.857362,2.745596,1.781152,3.793606,0.334542,5.712179,2.350173,4.340352,-2.890784,2.512993,-6.156366,1.834469,4.468320,5.985633,-4.423082,-0.558768,-1.780502,-4.268859,-1.001965,-3.423782,4.888821,4.445102,4.383048,0.313581,-2.665301,2.524510,7.694206,-2.882664,-2.918199,1.664040,5.014522,1.524373,-2.561984,4.273798,-3.605176,-3.413256,3.798278,-1.489307,0.141151,4.751031,0.530410,6.381587,-2.600371,7.703942,1.399168,-1.660099,3.304689,5.686237,2.546686,2.751974,3.082033,0.791644,2.050419,6.057973,2.265390,4.109965,-1.366051,0.478052,2.178502
3.738660,-0.857897,-0.689738,3.814741,0.719414,-3.426149,0.297518,0.294386,-0.721087,0.641589,1.657323,2.896879,-3.573107,1.278934,-3.599205,0.839769,-1.751565,-1.694411,1.320180,-2.592453,2.596639,3.252442,-0.293769,4.744093,-4.108539,-1.893683,2.770816,4.745686,3.314474,-0.873957,-3.547261,-0.434751,2.826029,-2.281435,-2.453220,-3.958298,1.500435,0.699773,-0.151084,-1.455611,0.339147,-1.662114,4.651734,2.178004,3.644808,-0.296311,-3.610803,-2.815002,6.651420,1.049475,2.594921,-0.759981,-0.600515,0.856371,-3.903580,1.766035,1.220855,5.000384,-2.216891,1.159789,-0.959425,2.524054,-4.213844,-5.458664,-1.876437,2.678898,5.238956,1.328535,0.160015,-2.071559,-1.721909,0.968797,-1.878025,4.156156,-4.334825,2.860284,5.494305,-0.082524,0.265079,-2.113760,1.722280,-0.527988,-2.790729,0.036315,-1.942126,-3.649509,1.731480,-5.667169,-1.869963,0.882923,0.628209,-2.498251,0.325191,2.883403,-0.306571,-7.107946,-1.050181,-2.764513,-3.553284,-0.125917,1.930962,4.611806,1.590932,1.691701,-5.164880,6.146463,0.185064,2.533325,-1.156998,6.239259,5.229927,-1.852056,-0.458008,-2.651122,2.038200,0.867691,-4.542898,-0.209859,2.699010,1.606336,-2.594627,1.736838,0.796865,-1.097824,-0.239286,-2.212293,0.634294,3.814565,1.057220,-1.699171,1.111174,0.090008,0.424004,-1.479975,5.907581,2.573029,-2.936244,-2.085279,2.597899,4.029305,-3.102165,0.557188,3.124857,3.142553,1.238500,1.527075,3.970549,4.931063,6.115049,-1.641022,-0.352281,-5.762336,2.671077,1.567946,-0.343431,0.073071,-0.759134,-0.924036,2.499867,-1.101331,1.425369,-2.506169,-4.240573,2.313404,-0.254766,5.334048,-1.698841,6.910097,3.258508,3.988505,-0.589259,5.295461,1.060406,3.258121,-0.817219,-3.393505,-5.811246,1.197661,-0.650363,0.539036,-0.674414,-2.159952,-2.631562,0.215020,1.735297,5.081902,0.977404,-4.004163,0.016584,-2.234903,-3.154691,-4.395051,3.569650,0.376390,-2.506505,10.362023,-1.993538,-3.430821,-1.262049,0.302933,-6.563930,8.819615,-1.057817,-3.475480,0.139964,1.180003,9.051395,-2.896541,-4.662861,1.993937,0.837512,-0.154715,3.090296,-1.388279,4.981180,4.852392,-0.839608,0.919394,6.587591,5.073950,1.279911,-4.083741,1.480553,1.255370,2.664115,4.082395,1.857847,-0.148227,-1.636973,-2.196051,8.245990,0.332200,0.235792,-1.820791,1.207814,3.392437,2.039926,-2.500838,-1.146734,4.365496,0.702004,9.145311,1.733074,4.157232,0.820485,-1.313021,1.684189,3.991925,1.248054,6.915254
0.382212,-0.741935,5.150336,-1.835307,0.693109,-5.899975,8.170323,-0.155954,-0.672013,-1.395234,0.545536,4.192649,-0.951051,-0.821088,-6.125792,-1.606383,1.138798,-0.222932,10.080392,-0.451614,-3.248916,-2.001727,-3.871107,0.464014,3.658817,-0.841127,0.754458,-3.143364,5.700075,3.784898,4.222063,4.248646,5.773981,-2.485772,-1.352895,0.665097,3.216590,0.341647,-1.585981,-0.917224,-4.605564,0.300597,0.083935,-0.166495,2.145155,-0.095827,0.155694,-0.685857,4.272513,-0.440306,1.525046,2.118349,-0.635658,-4.972671,-1.242246,6.693479,3.407517,-3.184009,-1.659197,2.353927,6.788975,7.131832,0.532767,1.736297,0.295134,8.096177,-0.707102,-1.333337,2.514890,-3.063108,-3.633226,-1.517034,-0.980852,6.201655,-0.940758,-2.886601,-3.136179,4.687733,-0.652955,0.179455,-0.530356,2.523461,5.111960,0.294898,-5.002960,-5.860343,3.977483,-1.326988,3.288041,0.754619,-0.572276,0.631120,1.882699,-3.306772,-0.188998,1.412769,4.324215,-0.620370,0.524526,-2.940682,-0.755716,0.339717,1.310425,3.793153,1.430249,1.564791,4.477290,-4.136289,4.658771,1.985147,-1.183935,-3.102655,5.268449,-2.436612,0.420582,-3.059519,-1.281309,1.847773,-0.971374,0.656545,-1.316805,0.212869,5.097330,-0.746143,2.920952,-2.342184,-0.733457,-3.216265,2.735283,0.665961,-4.871811,4.245243,-0.029032,-0.469824,2.159669,0.382655,-3.808945,5.880317,2.001639,-4.099112,0.732363,-1.082771,-1.561039,1.248714,0.451678,1.201918,2.207096,-0.023918,-3.303409,0.062176,2.320202,3.928833,1.380802,2.468202,-3.667405,2.585118,1.323683,-0.263075,4.138234,3.549258,-5.161725,2.611439,0.918515,-0.855987,-1.029377,6.354506,-3.099068,6.007476,0.460468,-3.001920,-2.588721,-3.140064,-1.038964,2.314131,2.373608,0.412017,-4.773766,0.383912,-0.031486,-0.402104,-0.944867,-2.211428,-1.477488,-3.212805,4.246475,-4.127512,-4.591826,-0.945444,7.012121,0.084044,-0.935109,3.622318,-0.650122,-0.412310,-2.663246,0.761296,3.365972,-4.643701,-0.316361,0.247237,3.140168,-1.527965,4.940640,0.066243,1.712801,-3.551376,5.814642,0.088305,-3.022249,3.997851,-2.631586,-1.801066,-1.030687,5.004699,4.574350,2.805288,-3.183465,4.026414,-0.303160,3.683004,-2.267114,4.042779,5.300090,-0.749006,0.081659,-4.378117,2.341952,-0.767860,7.095175,0.022450,-1.675347,5.788070,5.986715,1.031140,2.909962,-2.704428,2.171023,1.780548,6.237921,5.578169,-0.888402,0.970083,8.205914,1.390423,5.390674,-1.845591,1.712142,-5.982401,4.472826,2.851804
-1.763737,-3.836925,4.037359,-6.422085,0.143005,-3.046965,3.769059,-2.615823,1.002759,1.049719,-5.073433,-0.114867,-1.484045,1.092800,3.289884,2.914808,-3.866478,-4.605452,1.051856,0.053706,2.696622,-3.799869,1.401634,2.264623,-2.082414,-1.237746,2.266996,2.748436,-1.844025,-1.516295,0.959815,-2.196586,0.274782,-2.426051,2.410923,5.023042,3.865835,-2.083974,0.906054,5.316073,0.415455,5.452743,-1.517371,0.657687,0.828459,1.169782,0.766260,-2.314746,-0.425046,1.217690,-1.162253,-2.550659,0.090368,0.093882,1.797249,-1.564562,-3.436462,-0.731471,1.806506,4.507003,3.347882,-2.719391,-3.453015,-1.401484,2.232569,-1.971297,-3.558957,2.463473,0.660178,2.059756,-2.886615,2.243809,-1.757648,3.707427,5.009404,0.893722,1.549694,-0.105515,0.428521,2.375134,-2.388152,-4.396596,-0.415653,-1.683602,2.425093,3.688006,0.997464,4.123120,-2.257295,1.595401,-2.451033,-2.194195,-1.333047,5.839621,2.452804,-3.186251,-0.829209,3.048197,-1.077922,0.155258,-4.452809,-0.330228,-2.110703,2.754217,-1.634765,-2.834959,-3.351588,-1.990314,0.105154,-1.247235,-0.360087,5.157595,1.808655,-1.645941,-4.062207,-5.275067,1.620191,-0.267473,0.979632,-1.282146,1.028274,0.787623,-3.350755,-2.966632,-3.521419,2.286269,-4.479960,6.725910,3.255845,-2.480495,2.795004,0.417340,4.231644,0.505873,-2.449041,3.675893,-0.276690,-4.665970,2.319401,3.925190,6.284608,-1.290751,-1.291155,-1.546542,0.071287,0.841728,-2.417063,1.290384,-0.609700,-4.356470,1.802343,3.241915,8.800527,5.570125,-1.454627,3.151299,-0.985795,0.721754,-1.034479,0.792912,-2.090973,0.419912,3.860132,-1.858538,2.813133,-0.724584,4.140275,5.892656,5.818448,4.899722,2.830354,-1.217523,0.974639,2.568104,4.704469,3.070066,0.867714,0.697760,2.993258,3.806947,7.477930,4.425320,-2.839794,-0.207779,-1.915095,-1.341249,0.246322,5.086905,-2.428693,0.280095,-0.662797,2.272445,-0.287177,-1.627160,2.796350,1.301888,0.884601,-1.229874,0.614357,-1.324368,-1.041651,2.989930,0.754344,-0.031203,0.734963,-0.699168,-2.825176,4.814139,-1.512865,-4.803412,-3.048810,2.952358,-3.611231,6.959997,2.534413,0.974540,-1.887807,1.617817,0.374911,0.563520,1.135111,5.520091,-2.553801,2.600536,0.571936,-0.458184,-1.464173,6.572164,4.496452,-0.726932,6.698045,2.593857,3.193682,4.011224,4.692265,-2.383746,-3.349326,0.856309,4.699652,4.540988,1.150242,-2.276115,3.668496,0.302472,3.610005,6.932446,1.692146,4.286748,-1.187514,-0.780635
0.741795,-0.119117,1.265952,3.171158,2.651324,-3.453683,3.069920,-2.100358,0.614768,-2.498151,-8.071595,4.271557,4.181378,3.170648,-1.552362,-1.324787,0.605233,1.090684,-3.910998,0.494765,4.710586,0.007143,4.101886,1.491511,-3.909130,-0.152119,-2.498321,-1.409868,4.894882,-2.549612,0.244705,-0.399083,-2.003583,-0.337465,1.120384,0.859309,4.794313,-1.340184,1.015160,6.606437,-3.186419,0.472098,1.596173,-4.820767,-3.283358,2.815633,-3.772883,-5.495750,0.773825,3.319099,-1.893494,-0.918743,-1.647190,-0.400852,-6.629351,1.409201,-0.154000,-4.933508,-0.238621,-3.011121,0.198414,-0.131904,-2.509057,3.171525,-0.713544,-6.089157,-0.820322,-3.408139,-0.960478,-0.065515,-1.698603,3.842139,-1.583696,4.258701,1.439411,0.915754,-2.554648,-5.662637,2.626741,-0.050570,0.133085,-0.339517,-1.540158,1.095014,2.893501,2.001095,-1.160087,1.779925,-4.048681,0.406134,0.052346,5.899870,4.183616,1.323574,-3.284610,-1.631306,0.574214,3.845942,0.598192,-0.325389,0.152704,0.690438,-2.279759,2.122293,-0.020787,-1.850696,3.495878,0.242663,-2.867353,-2.962903,-1.898364,0.968308,-2.599435,-1.328703,2.670105,-1.013752,-3.577932,2.781614,-0.885089,4.383394,-0.496045,-8.225722,-0.490337,1.536363,1.448111,-2.256976,2.959612,2.943202,-0.529003,-1.267521,-2.607446,-0.723229,3.166759,0.423502,-4.484040,-2.678604,4.547905,1.428599,2.801202,0.804030,4.801165,-1.518264,-2.710843,2.752201,3.304686,-2.436940,2.310594,-0.714325,0.116567,4.084377,8.609700,4.552366,-2.195318,0.029090,1.898474,6.881710,-0.757901,-3.790303,-5.024718,6.335811,-2.540709,-2.057734,-2.053171,4.251695,-0.294528,0.492253,2.727714,5.046931,2.285193,-3.314320,-1.439264,2.979318,3.699463,-0.325574,-0.216545,2.194359,4.002727,-2.389276,-4.615510,-0.834200,-4.076432,1.039673,1.823316,-0.968708,-5.894005,0.959534,-2.126703,-2.584571,-1.342815,-4.538231,-1.152427,-0.590572,2.380145,-0.611173,2.025418,-2.966766,0.953559,1.392855,-0.073114,2.602615,-0.785094,-0.737099,8.055441,1.698673,1.118599,-2.118860,-2.959323,-4.746918,0.668534,4.076036,-2.330132,-1.238847,6.737621,-2.256476,-5.509721,4.487519,-5.006777,0.277327,-1.969997,0.518230,2.912650,-1.938800,-2.866629,5.450483,-0.860701,1.516879,-2.678486,-1.826661,6.299997,-0.691782,4.478786,7.659644,-1.514401,3.724959,1.678431,6.023012,4.216891,0.872191,-2.611073,2.585034,0.350952,2.985778,-2.132680,1.092259,4.314739,-3.944060,0.439105,-2.129370,1.567418,3.169347
0.749960,-0.176153,0.634689,-2.380108,-3.877097,1.161863,-2.617304,-2.430572,-0.875357,-0.499131,1.704819,-1.168986,-3.858920,1.605459,-0.465899,6.782215,-2.218694,0.390972,2.471485,3.098423,4.646391,-6.155771,0.494496,0.984509,-0.706963,0.395948,-1.554721,3.555514,-3.412214,-2.226730,-3.378278,-1.730379,-5.202307,6.371680,3.366521,9.766503,1.062587,1.003435,0.003593,1.271026,-0.068051,-1.713973,-1.876995,5.015438,4.093344,4.641992,2.719394,1.706923,4.241986,-1.041764,4.974654,2.452961,-6.739382,2.131264,1.535013,-7.198959,-0.431267,-4.592724,4.584058,-3.771537,-4.189466,2.590202,-0.558690,-2.361780,1.665958,1.633901,2.376180,-2.596569,-1.474921,1.937402,-3.123962,-1.760689,-0.689045,7.193174,-2.378628,0.856818,-0.055615,-3.405200,6.058864,0.811145,-3.749724,-1.537662,1.203525,-1.820350,1.378472,3.436791,-2.235571,0.651030,3.129780,5.090250,-0.329691,3.601440,2.078834,2.065864,1.406744,-1.949912,3.101997,-4.339434,-2.072136,2.485126,6.702247,0.225972,2.945738,-0.704006,-0.995221,4.467354,3.423181,2.723943,0.280517,-2.636032,0.644760,3.408331,2.551211,0.920003,-0.892959,-3.321793,-7.049492,2.512398,2.668750,-1.171525,1.155649,6.572875,1.056940,0.730926,0.526194,1.268716,2.059192,2.026449,-2.736855,-2.857371,-2.100519,0.666312,-2.907771,5.145413,0.635121,-0.228289,1.588209,-0.900536,-0.403004,3.408592,-3.044146,2.164390,5.730165,-2.891221,-0.819907,2.277733,4.354412,-1.550975,2.821541,-3.415862,0.072004,-1.507745,-1.209398,0.841266,4.142271,-2.701578,3.380660,-0.227834,-2.824188,5.433222,-3.128379,-3.742316,-1.172286,0.990166,-0.512366,-2.753990,-0.280335,-0.081657,2.904277,-2.746402,-0.174699,0.829672,2.563599,0.526854,3.419537,-3.977471,4.914569,5.258349,-0.461198,-2.629435,5.160501,0.374577,-1.941407,1.090216,0.937601,4.481843,-2.262274,-0.771042,3.782691,-2.232980,-1.361337,1.045013,-3.162854,2.274116,-1.795065,5.114250,-0.943872,7.173973,-1.204676,-2.574192,4.200932,3.601332,1.441791,-1.813396,3.228574,2.507383,1.957308,-4.780766,0.186668,-1.330467,0.027451,-3.265554,7.200525,-2.708590,4.103935,1.154818,6.792596,0.708140,0.502900,1.350131,7.081948,2.787438,6.494685,-1.297471,4.440530,3.539721,5.578764,0.487068,-5.652572,-1.520595,4.246292,3.230541,1.806857,4.231234,3.387496,-0.469276,-0.228059,-2.419393,5.593323,6.767816,2.758048,3.729995,-1.419371,2.547340,2.865528,-0.413951,0.131562,1.007513,2.217639,1.803163
-2.528978,1.734361,0.637551,-0.725038,0.916265,-0.537673,0.899748,-0.274413,-4.343089,0.767195,-4.396790,1.021163,4.487217,0.234722,1.207536,-2.568726,4.402538,1.415539,1.329732,1.765212,4.261157,-1.832645,0.874802,1.736926,-0.048896,-1.158731,0.061885,1.568803,0.287497,-1.758259,0.150135,0.481829,2.104831,1.986063,3.411584,-1.410369,-4.362625,1.838249,-0.436958,-0.299735,-4.734024,2.604474,0.400267,6.382293,2.635717,-2.159182,2.014455,-1.211254,-0.358121,4.567922,5.091119,-1.424976,-2.218904,-2.613943,-1.959656,0.069354,0.227471,-1.807438,-0.502817,-0.283431,0.154813,-3.559692,4.339436,-1.432400,-2.024997,1.233695,-3.608076,1.292865,1.024162,-2.407662,-2.516454,4.488772,-1.099490,5.323590,4.482741,0.905375,1.917938,0.972366,-0.011623,1.028536,5.133899,0.444733,-5.298593,5.516490,-2.397878,-1.191273,5.083460,-3.723804,-1.848166,1.424209,-1.155623,-2.992656,-3.200609,-4.412370,7.604242,2.206550,-3.705142,1.279830,0.251145,3.921388,0.618992,-5.936913,3.348422,2.988748,1.437127,2.392843,1.882205,-2.319838,1.151819,6.126788,-3.763725,4.519864,-0.609366,1.787000,5.073162,2.838991,-2.342474,0.716549,6.435033,-2.825145,-1.296790,8.767409,-3.646546,0.951579,-6.220725,-1.108531,0.438210,0.845243,-2.380003,3.173046,1.608116,-4.372400,2.998297,-0.720885,-2.643425,1.155030,2.308172,0.378175,4.712286,-0.227849,0.590645,3.284933,-2.610096,-0.979895,-3.821768,-6.920770,4.103608,3.668495,1.101238,-1.411046,1.980849,4.478582,-2.448703,-0.355256,1.028721,3.760494,-4.206216,0.407156,0.736356,-3.446842,3.256595,0.634681,-2.588257,-2.328801,-1.256051,-1.533939,7.100746,1.693319,0.392433,-0.886281,-1.986168,-0.550183,-0.681908,4.007557,-0.878652,2.354336,0.268174,-3.071043,0.584638,1.750801,-3.381515,-1.817974,5.536674,6.167603,1.557051,6.335920,1.113641,2.058005,0.236419,-0.809934,2.432423,3.368766,5.067874,0.603222,5.888149,6.770488,-5.169543,2.388466,3.705674,5.796573,2.075311,1.758448,-1.008923,-4.642830,6.198324,1.184337,5.845103,-2.343079,2.556899,-1.084421,6.134376,-3.338971,-1.008824,2.776875,-2.370718,4.709596,-5.482947,6.332803,4.739786,-2.071710,3.307433,9.572904,5.665661,3.204548,4.019859,5.655834,1.255915,0.161598,6.241750,-4.052804,0.642837,2.713445,0.073708,3.070557,1.798102,4.591921,1.925365,2.289215,-0.216333,1.711871,2.511291,3.707176,2.078303,7.603213,2.287813,0.530871,2.494423,7.774861,1.032871,1.056728
3.908576,2.870206,-2.326907,-1.170449,-2.984817,1.979049,4.798022,1.037087,7.041413,1.335899,-2.417998,-0.298705,1.341627,-2.403221,-3.547286,3.118601,6.997054,-1.575922,-8.582473,3.452756,-1.982299,-7.237875,1.834407,0.210345,-1.642179,-6.369972,-2.059965,1.860083,-2.683059,6.768015,-0.609340,1.476877,2.669483,1.557717,-0.835204,-3.197118,-2.947371,0.245391,2.798330,-3.653370,2.266905,-4.424084,1.472368,2.339090,0.641848,-5.230010,5.361883,-0.709684,0.576571,1.557711,-1.449103,-2.127776,-2.749695,1.369253,-5.168429,0.092650,-0.728471,-5.754868,-0.024375,5.179340,2.678917,-2.910889,5.822674,0.867666,-3.074516,1.459814,3.795934,0.341513,1.859469,4.103271,3.785847,-1.023952,-4.225082,0.856542,0.515300,6.154452,4.581288,0.309626,5.723466,0.591061,1.880518,-2.604924,2.338211,-6.145712,-1.450688,0.098507,0.258951,-0.515558,-2.935975,1.117654,4.041832,0.794010,1.641153,1.300552,2.291375,-0.439406,1.859022,3.600595,3.142107,-0.467404,-3.669954,1.295216,0.599460,4.142469,-5.816561,-1.996367,0.274836,-2.886758,-0.585813,-1.363759,1.132552,-5.215084,5.731594,1.584200,2.384756,0.435312,2.022798,0.536223,-0.188634,4.530986,3.910980,1.924407,-3.323694,2.461564,-3.166274,5.023407,8.381107,-2.605729,-1.569991,-6.159154,0.209004,2.155118,1.219338,-0.512036,-1.100254,-0.592303,3.048836,-1.172765,-3.759784,4.942230,0.099751,1.278015,2.680315,-2.784148,-4.602439,0.586960,3.311804,7.065397,1.510373,-1.710356,-1.014648,2.447798,-0.370491,-2.258824,-4.410336,4.087200,-0.073625,-2.285594,3.438446,-1.948431,-1.524214,6.252156,1.597190,-2.893100,-0.939244,0.659052,5.355569,3.099841,1.264066,-3.176475,2.162255,5.780151,1.418453,-4.498061,1.777157,0.675776,3.139144,4.305042,3.882423,3.673078,1.941515,0.868933,-2.261008,-0.911805,-1.693391,4.734385,1.618149,-1.012385,0.352697,-2.988641,1.063179,-1.104821,1.792785,2.097200,3.187885,-5.212203,3.171187,3.177657,5.090891,1.212763,5.353934,-0.848626,-0.510713,-0.889775,3.344612,5.074660,-0.550487,0.495329,-0.854670,5.452513,-0.282226,0.118784,1.208157,1.620148,0.374516,0.908426,-3.089839,0.330672,-2.835677,-2.898286,2.767805,-3.216927,1.368190,3.858046,-2.179783,-0.762230,5.217213,3.099678,0.687142,-0.244864,8.501676,4.976579,7.346956,0.161344,1.866025,6.901231,2.153394,2.639428,5.135370,1.591372,2.614172,1.374828,1.721816,0.284741,-0.855349,3.493663,2.369956,-1.310964,6.763741,-5.677724
-2.950045,1.795138,4.117300,-1.815393,-0.015022,0.247569,1.766189,-1.400006,0.097680,-2.294351,3.494725,3.251663,-0.030848,-3.807070,-0.851425,-1.524821,0.500281,-1.471444,-0.938991,1.234103,-0.873170,4.755464,4.829226,1.419868,0.372545,-5.807233,-0.806478,0.839812,-0.214409,-0.241074,-2.056255,8.993012,6.711021,-2.770163,3.663521,-2.158937,1.428998,-1.563365,2.087888,4.290528,2.600825,-4.075453,-0.459703,2.521381,3.303979,1.516407,-2.056229,-4.457956,-1.436284,1.011946,-1.598930,-2.028190,-0.531677,-0.400180,4.288170,1.922680,-2.355586,-1.077084,2.820976,-2.606475,-6.544140,1.338371,3.064988,-2.102721,2.195249,0.552200,4.369739,2.173707,-4.287958,-4.854450,-1.200438,0.568602,-0.292275,0.486501,-0.699602,-4.451804,0.236109,1.887730,3.145619,1.461352,1.431686,2.484475,2.791686,3.336529,-5.036711,-0.572108,3.065945,3.583135,-5.173854,-1.730288,1.505949,2.325819,-1.036755,-0.684155,-0.360042,-2.767213,1.031714,-2.636690,0.697031,-0.458599,3.659627,1.862703,1.408880,-0.401327,-3.775033,-1.016399,-2.560277,-4.905600,-3.357096,-1.413028,-3.539305,3.568991,4.919874,0.284027,-5.989107,1.818953,2.283663,-1.458471,3.175379,1.805032,-2.736877,-1.932223,4.860265,-4.305800,-1.073877,0.530373,1.123075,6.614022,-3.552891,1.135268,5.224495,-2.494659,-2.298640,0.875908,0.857511,1.115217,3.268575,0.786201,0.152161,3.888026,-0.408038,-2.913570,2.990560,0.261203,-3.461080,1.818182,2.903924,-0.778226,3.565807,1.258264,-2.909712,0.219288,0.364044,3.874479,-2.093794,4.951789,-1.945499,4.976151,3.276708,2.816734,-2.828766,-2.311436,-3.228858,3.189594,-0.312971,-0.597274,-3.720919,-2.250243,4.182580,3.761752,4.592487,-0.199965,3.535956,0.132542,2.748066,-1.555024,-1.283827,-1.248306,3.442924,-0.061601,1.774587,3.005459,-1.735764,2.293539,-0.728551,-0.408857,-0.203743,4.890187,2.681204,-0.009177,-4.797239,-0.180858,-4.478046,-2.949539,5.644847,3.810891,0.424081,0.349181,0.797945,-0.713724,1.374505,3.436205,5.015489,-4.659909,0.099383,0.414562,1.868917,-1.285902,2.539167,-5.070512,-0.718614,3.244000,4.804861,-0.060170,4.068500,1.626425,1.169615,-2.267368,-0.062780,-0.923948,4.462719,-0.492345,7.185768,2.560461,-2.614043,5.660289,-1.932729,-0.647740,2.106100,4.600037,5.966532,0.150600,6.067078,-1.126968,0.864470,6.196117,4.750136,4.699137,3.059373,4.374348,5.726964,2.187372,-1.253011,-0.252655,2.016091,5.077349,0.456668,-1.398040,2.505327,5.041807
-1.435100,-1.052173,-2.058266,0.023105,6.306693,-0.125187,-4.175852,1.838675,3.050166,-2.323645,1.043538,-1.556887,-5.399276,1.060020,2.631468,3.624768,2.405055,3.297045,5.498514,5.335634,-0.007168,-0.595520,4.487402,0.320758,3.093646,1.711762,2.790497,-0.818927,-5.769450,1.118842,-0.122343,1.761960,-3.111431,-1.266731,0.554623,-1.656602,-3.803712,3.450270,2.171646,-3.979863,4.185241,1.814479,3.346849,0.620598,-0.871524,4.284302,0.590835,3.358329,-2.315487,-0.237807,3.196708,0.752643,2.891177,-0.436493,3.444828,1.865314,3.244108,-2.462917,3.906899,1.008669,-1.889264,-0.426448,0.118256,4.014847,1.622994,5.024150,-0.491559,1.214747,1.231022,-4.553484,-5.000810,-0.800228,1.094642,-2.921020,-0.597852,-0.436545,0.889312,0.586070,2.561651,-4.108297,0.820974,-2.332567,1.291572,1.456765,-0.685945,1.423637,1.264983,2.397965,-0.012564,2.472717,0.896806,-1.769807,3.124391,3.872737,1.548142,-6.177067,-2.964091,3.763648,0.678444,-0.958106,-2.924204,1.933444,2.503596,4.575302,0.681877,-1.668574,9.498574,-3.208132,0.578180,-0.714101,-0.419851,-1.251332,2.738268,0.469039,2.617529,5.173682,-1.871344,-6.031591,1.292408,0.166855,1.044124,1.675315,-2.380442,-7.134989,-3.570729,-4.627224,2.686092,-0.730968,-3.820106,-0.155856,-2.418642,0.046242,-5.589485,0.917151,-1.652724,3.359013,1.190541,-1.348303,-2.131484,-1.528837,1.976426,0.734537,-2.687573,-0.162882,-0.969518,-3.395344,-0.695775,-3.905294,0.890419,-4.634976,-4.944675,-2.495802,-2.722879,-1.077276,-1.755626,-2.732881,-0.857280,3.294844,-1.225373,4.048631,-0.347712,-1.632322,3.434621,2.902827,3.210986,2.785459,-4.743942,4.374603,1.560328,1.301740,1.891258,-2.450565,-1.416170,1.063545,0.576131,2.191590,1.021680,-4.465971,2.680502,0.523523,1.575614,3.326924,-4.371707,2.138215,1.579699,-2.347023,3.516131,3.843551,1.762288,-0.301069,0.156344,3.213484,-0.875855,0.741607,1.068206,3.186241,-0.940190,-2.087365,-2.744393,0.870623,-2.220237,1.007343,-3.343160,-4.685027,-1.456505,7.212223,3.243780,-2.791698,1.495357,-1.944140,8.420027,0.039735,-4.341952,-3.752618,3.188717,2.184360,1.094151,4.336553,-0.760872,5.047179,2.246115,2.816591,-0.998322,7.758723,-0.058234,4.909169,4.937431,-3.620529,1.642811,1.368302,1.632787,-0.209736,6.999565,3.397967,3.610889,4.713123,0.524341,3.665019,0.959710,-4.188318,1.612192,0.391972,-0.731513,5.782113,7.169104,1.595084,7.670963,3.353989,3.787754,4.439924
-1.956353,-0.738194,-0.694192,0.631091,3.733054,-4.791377,2.266150,1.881823,0.164735,1.320624,0.436032,0.069871,4.246960,2.586738,2.023966,-1.786385,3.072223,0.518150,0.735878,1.334115,-6.004204,-3.924262,-2.755337,3.681676,-4.874860,2.440011,0.528689,2.227588,-1.063540,-4.390930,1.965762,1.466856,-0.101107,-0.294579,0.074104,-3.973518,2.793621,3.073712,1.791698,-1.587042,-2.183495,0.457148,3.600885,0.795497,0.516166,0.882093,-4.771185,-3.299032,3.490962,1.506753,-3.274557,3.584879,2.626730,-1.647676,-5.766201,3.126708,-0.846823,-1.720201,0.118578,3.790667,-0.319122,2.375967,1.070285,1.294770,-0.993921,3.960402,-1.077900,-0.060986,-2.619530,-5.093460,-3.319313,-5.035356,3.325748,1.296888,3.575095,3.236549,-1.009538,1.992610,2.042681,1.942397,3.863474,5.790365,-5.408779,-0.604531,1.170236,-1.080537,0.650946,1.939039,0.404304,-0.997850,-0.912659,-5.044273,0.878855,-3.754923,-0.344601,3.962215,2.306400,3.576069,-1.806009,4.595626,5.254482,3.247890,2.000718,2.589806,0.190949,1.568275,-2.734637,-3.477514,-2.962050,2.696457,2.783017,-2.478878,-0.316390,-1.305312,2.399572,1.412162,-0.157082,0.371917,0.921256,2.573381,0.927690,-3.876769,3.719773,3.134485,-1.695569,-4.258902,-3.233122,-1.850141,1.229238,-1.627609,0.937530,1.131758,5.222059,5.988396,-1.669436,0.888268,-3.047995,-4.103327,-2.634269,2.529817,2.659802,-0.313351,0.365612,-1.977422,-2.599194,-5.593575,0.430547,5.466079,4.935461,-2.745531,-1.479209,0.753596,4.543866,-0.271877,0.103193,4.440515,-0.291940,-4.924800,5.124602,-0.073394,1.314179,-0.368197,1.715567,7.299092,-3.354087,0.561696,4.674849,-1.770836,2.963461,0.760487,-6.920526,0.100468,-6.598539,-4.271049,-0.304719,0.886416,3.596672,1.165707,3.170634,-1.741471,0.460386,1.556387,-3.843567,3.421311,-1.627186,1.528074,2.428018,-3.075377,4.141826,7.628405,1.124870,0.031014,-1.790889,-0.450219,2.973693,2.232612,4.678325,1.697423,-1.499539,-1.634343,-0.047217,4.231105,-2.262400,4.396956,6.434000,-3.179278,1.290521,2.507861,0.970972,-2.631001,0.744966,-4.506696,1.781586,2.286916,2.910907,3.933761,4.062020,1.537876,5.474171,0.786592,-1.237136,1.553856,0.732257,2.165015,1.986326,3.886006,0.723883,-0.079712,1.218773,8.141913,4.020067,4.195823,-5.017435,-2.018917,2.405608,3.184129,3.258124,4.230740,7.270299,1.365982,-0.503713,-3.397072,4.838647,4.460220,3.678198,2.886602,4.788126,3.715671,3.875201,3.238361
-0.794925,-4.488718,1.019992,1.166806,-2.928300,-2.238971,2.290038,-0.706728,3.936680,-5.320487,-4.951279,1.705139,1.142520,-2.674651,-0.981203,1.458642,-2.350391,-3.975708,1.107395,3.041322,2.303497,-0.759605,-1.160555,-2.074344,1.283592,-2.216596,5.274234,3.705141,-1.272904,4.186325,1.655791,-1.924660,0.150449,0.703148,5.222343,3.940305,-1.857407,1.838785,2.030249,2.982622,-3.463345,5.154467,0.613092,-2.634938,7.316286,0.106758,1.091278,-0.643647,3.965008,-0.467878,-1.898226,-1.702161,-1.819807,6.168538,-2.712098,-3.915534,4.084297,1.864361,-2.638273,-1.534581,4.542983,-1.256026,4.625237,-4.845839,-2.219323,-1.372740,1.799870,1.321831,1.847698,0.629178,-3.135664,-0.075979,0.027842,-0.003668,0.980710,-3.196472,-5.968004,-2.569854,-0.075620,-2.084881,-1.407522,-0.694052,1.683554,-1.850105,8.099208,1.299438,4.449504,-1.069671,-1.020531,0.072312,3.856006,-4.247699,-0.135439,3.007569,0.737398,2.431480,5.519493,-3.439931,0.453961,0.194227,2.558557,-1.402858,1.694783,-0.949853,4.364760,6.675874,2.327329,-2.435800,-4.222521,1.286491,-0.018533,2.829079,-3.028678,-2.296234,1.306573,-0.270620,5.626230,0.831550,-1.166480,-0.624021,4.529679,-1.255365,-1.440039,-4.278216,1.959482,-5.777486,-5.126358,-2.836038,-1.636547,1.487417,0.052975,2.836947,4.353833,-6.828956,3.505137,-3.411496,2.842139,-0.693442,3.928555,0.241098,-1.569976,-0.094056,-3.579594,-2.966509,2.554286,2.924324,6.746076,-0.409794,1.319328,4.778737,4.668509,1.173793,-1.073055,1.191896,0.374214,-0.716061,6.902127,0.518929,4.977691,2.055539,-3.898835,-0.724009,-0.605986,-2.844923,-5.517017,-5.565152,-1.846516,-2.195468,-2.241117,7.104388,2.137687,-3.278548,-2.123971,-1.792114,3.162595,0.049422,1.547461,-0.166001,2.354051,4.414683,4.039057,3.888469,-0.330385,3.351006,2.927903,1.017950,0.434900,5.476985,-0.365573,-2.201085,-3.230212,-0.665471,3.126519,1.685195,-1.397203,-3.424783,3.925284,1.675654,-0.603559,-6.067218,-2.228012,0.549946,-0.724197,2.980546,1.929834,2.757819,-3.357087,2.473867,-0.543246,0.442891,2.128850,0.093714,3.542052,1.365251,-2.939690,2.270517,1.391727,1.901566,0.716910,5.910985,5.117638,-3.000215,4.806063,-1.451992,-3.248131,0.097564,1.333918,8.066551,-1.832843,1.442363,3.997346,4.232084,-0.686748,-4.026711,5.651269,3.236751,-0.060608,0.241442,0.734039,1.587554,-1.474298,4.247822,4.201263,3.622123,1.682433,2.585601,3.732182,4.530938,2.565557,1.163892
0.048543,5.057221,1.336020,2.708433,2.382865,0.524221,4.440170,-5.267176,-1.238651,2.542892,4.721963,0.681915,3.197393,0.130378,-0.789254,-1.221099,-0.578584,2.799466,1.810955,3.342024,-0.617223,-0.813689,1.815182,3.928989,2.111491,5.218399,-3.968498,2.083151,3.688194,0.250084,-1.257562,5.142995,8.802155,-2.799445,-1.469927,1.691724,0.015156,4.283246,0.867808,-5.469704,-2.304718,1.312465,4.944459,2.472027,0.774370,-1.761727,3.292938,2.152576,5.822957,3.511724,-0.089734,-1.802655,1.930542,4.245828,0.844318,2.010257,-1.135334,-0.369804,0.846678,-0.509105,-0.840863,-2.870261,0.330928,2.599268,-3.759619,1.431448,5.533047,0.670290,-0.460445,-2.003421,0.646531,-6.135005,-0.881314,-0.948176,0.528665,2.048086,-0.904370,2.662904,-0.967662,2.677233,-3.952001,2.360495,-3.847530,1.042154,-1.807989,-1.805362,-1.366676,-4.161221,2.287993,-1.215737,3.556646,1.484237,2.151258,0.934899,3.495946,1.660246,4.285253,-0.755379,-2.205391,1.547568,2.046008,0.185102,4.889680,-2.605274,4.066457,3.090683,-0.391221,-2.008041,7.078122,0.179603,-1.059636,3.002262,3.364202,3.634384,-4.290970,-4.300164,-0.436288,-2.088733,0.645694,-2.475532,1.634235,-6.066413,1.380591,0.739727,0.212259,1.609817,2.861177,-3.693945,-6.006187,3.006000,-6.395483,-1.991737,-3.313358,-1.421173,0.960239,0.944070,-0.952730,-2.547997,3.180451,-2.740373,-5.299678,-0.423973,5.118791,-4.400386,0.864099,-4.414430,-1.753194,2.673543,-1.696491,1.906530,-0.594163,3.432614,-1.823068,2.981706,0.678125,4.018280,-1.182214,6.869345,-2.998625,1.445866,3.550700,-0.313280,6.621556,3.258715,2.521710,-0.206686,2.409727,2.447852,-3.471584,-0.074067,0.815568,1.459459,2.951135,-1.155371,-3.356111,3.995972,8.384479,-1.931225,-1.536375,2.841998,4.491697,-4.789272,4.831973,3.569161,5.006536,1.082717,-0.163330,-1.758988,1.806515,3.162650,-6.664247,-2.426791,6.631898,0.153911,0.800017,3.592800,-1.165019,-0.319886,0.728989,-4.499545,-3.119989,-1.893454,-1.713003,-1.772879,4.712797,-1.698126,-1.306112,1.417708,3.127493,3.628312,0.640564,3.364729,5.997688,-1.360166,2.128093,-2.699187,-2.272180,1.892975,1.030868,3.868384,-2.527262,-3.340741,0.005319,-1.476099,2.057966,0.007343,0.361710,2.830168,0.480378,-0.893881,-3.538013,0.748998,5.538503,-1.183788,1.566437,4.327842,3.705981,2.605686,7.684381,6.755980,3.316350,0.742390,-0.385703,1.518953,4.149843,1.138555,0.693714,2.082294,3.018780,2.545644
-1.324127,-2.538933,-1.415740,1.945701,-0.500911,2.822092,-0.066844,-1.555762,3.513201,3.513027,-0.523574,-1.974049,1.136650,-0.391128,-1.907053,-0.134564,-3.257253,-2.997945,0.451260,4.147891,-0.963584,-1.852914,1.440152,3.498299,-3.123695,0.187864,2.446267,-2.166406,-1.019530,0.575102,-4.882925,0.495826,1.253253,-4.286473,-0.784632,5.789912,-1.810346,-1.270915,0.487081,-2.369453,-4.165706,0.824139,-3.223405,1.985096,2.935766,0.478307,-0.846665,-1.322110,-4.374075,-0.113353,-1.504982,-4.252683,1.578295,0.473215,-7.103115,7.119539,5.791678,3.506602,0.716448,-0.009361,2.340678,0.423254,0.702340,-1.794667,-0.457900,0.305341,2.619194,3.636617,-0.836027,1.600870,3.891105,3.250215,2.416270,1.196047,-1.814284,-1.254043,5.764279,-0.654137,-4.118461,-2.612111,4.241093,-5.153902,-1.974765,3.660413,1.482330,-6.390253,-5.412962,0.777185,-3.611446,-1.863776,-0.615101,-3.423309,-5.431437,-0.157011,2.023484,-5.915402,-3.922322,4.701149,-1.339373,-2.699423,-2.212061,5.099687,-3.189652,-0.577109,4.276019,-3.806232,-2.956550,1.527996,3.777097,5.055786,5.199923,-5.837280,1.209201,4.752771,1.072826,-1.594164,-1.027514,-2.022469,-1.140765,-1.756450,-0.918109,-0.985966,2.033273,5.545458,1.193831,-2.263991,-1.932403,0.278247,1.530892,1.800300,-2.439725,-1.867560,0.978299,4.866277,-1.759392,0.002384,1.113456,1.512111,4.063915,4.211104,2.073587,2.554560,-5.069760,-0.749928,-0.607695,-0.252629,1.247874,-5.583048,2.106490,5.729567,-0.349582,-0.611944,-5.500729,-0.513945,-1.719740,2.588507,-2.536485,-0.740071,-0.571338,-3.706140,3.793192,3.595054,2.975895,3.255907,1.771847,-4.495291,0.528113,0.365506,1.008387,3.260670,-1.155463,3.238793,4.505715,-1.065131,1.686980,0.156522,-5.695932,4.504985,1.508110,-1.104956,-3.299600,1.869345,-0.773093,0.810416,2.834125,-0.086155,1.400572,-4.836870,3.407109,-1.954831,-2.203519,4.034599,-1.774428,-6.069053,3.295239,3.315183,1.665505,1.155993,-3.182244,2.111242,2.644715,1.795702,1.314939,-3.696175,1.258873,-0.240903,-6.342253,0.932964,2.860450,4.652137,7.680004,-0.227015,5.348972,3.693332,1.882314,2.126198,1.080570,0.713855,2.932045,0.078156,-4.016383,-2.601171,4.055387,1.376315,1.843930,-1.589506,0.577386,-1.485135,0.352193,-4.156509,-0.740962,0.467787,2.126633,1.670736,3.717691,-0.229187,0.176285,-3.112695,2.125284,3.018499,1.849721,2.917811,2.751340,2.739799,6.545784,6.272652,-3.393646,3.325401,5.649202,-0.572847
-5.792580,1.846182,6.371886,5.078980,-3.989913,-2.340293,1.286375,1.346074,-5.184803,3.023097,-2.000245,1.950327,-2.752360,3.292451,1.646896,-3.528420,-3.474022,-0.585246,-1.421649,0.973887,-2.690768,3.885535,-0.741766,1.476156,1.772016,2.383400,-4.857211,2.082929,-1.065227,2.830544,-0.465388,-2.722554,-0.436449,-3.607033,-6.860200,5.213088,3.642462,0.855596,-0.462674,-0.171232,1.064358,1.952200,3.289769,1.347227,-1.018957,-2.249345,1.725362,3.101492,-1.235451,-3.294604,-2.244724,1.789917,-2.532095,4.440647,-0.248401,0.141452,-1.815167,0.658766,3.043078,1.013132,0.158167,-3.082447,1.756995,5.559130,2.143162,-0.446870,0.725457,1.473583,4.240103,2.929092,-2.313292,2.354524,3.766104,2.068620,0.655445,1.389687,3.407102,0.873931,3.035982,-0.547521,-0.107766,-2.583186,-2.616062,0.441433,1.740001,0.611214,0.307998,3.027215,1.053227,-3.587370,3.518784,2.902243,0.916316,-4.444718,-3.299843,-1.845086,1.200038,-1.028674,-3.291666,-2.471984,4.677911,1.478878,-4.812452,-5.961417,0.708444,5.472207,-3.131818,2.210495,-1.569513,-2.768166,-4.631783,4.604544,0.308192,2.383939,-2.629787,2.290002,-5.021871,2.841922,1.976754,-1.736538,-4.066360,-4.610829,-3.389282,1.772651,-3.878941,-1.234019,1.478962,3.543168,-3.382812,-2.580088,2.743066,3.632656,0.391822,-0.482635,-3.697145,-1.589824,-0.411941,0.960381,-4.389826,-0.158281,-0.153944,0.107136,-5.793950,0.315858,1.624953,-6.342793,7.779841,-1.839775,-2.066791,-0.157152,3.800335,1.638104,-7.163511,3.366503,-1.985128,-4.995849,0.757661,-2.583969,5.408409,0.587934,-2.798404,3.984702,1.934708,2.093126,3.853221,3.556382,1.017239,-0.234043,3.786360,0.138169,1.975975,-4.337752,2.349383,2.435545,-2.278503,-3.319472,4.168128,3.647916,-5.050988,4.309604,-1.811042,-2.727740,5.672946,4.886657,-0.178758,1.240259,4.071595,-5.730639,-3.048884,4.372635,1.400916,-2.264632,2.289618,5.648837,1.181770,-0.554039,-2.695629,-0.024439,-0.686899,0.425477,3.380455,-5.342452,0.648261,3.122808,0.330119,-0.758426,1.004739,-2.860492,-0.187122,0.745959,3.709005,2.361128,-1.236827,-2.345257,4.796164,3.560418,4.734595,-3.182949,4.512239,5.205433,5.002234,1.016599,-1.723922,-2.612718,3.489626,1.619422,3.789779,2.560543,5.015935,0.023884,1.189755,2.020386,-4.472861,0.441593,-1.240117,-0.254694,3.654407,3.778831,1.498468,8.327590,-0.902010,4.402048,1.754996,3.841152,-4.483736,4.708300,0.850244,-1.933596,5.791725,3.004958
0.495118,-3.562202,0.687094,-0.098986,-1.417345,-1.493657,-2.308841,-3.406600,1.918884,-0.664931,-1.714758,0.864440,-1.982161,-0.415067,-1.111298,3.836669,2.722220,-1.242923,0.619750,4.641863,-1.867299,1.194954,0.602935,1.037864,-5.702946,2.967639,2.558256,-2.855923,2.661902,-0.769248,3.331789,-2.894899,1.026586,1.629524,1.251060,1.808579,2.098180,0.588326,1.906150,2.861546,6.801495,3.639891,0.433835,-5.143430,-0.145830,2.147420,3.938656,-6.516822,-5.328160,0.014285,2.369377,3.295131,0.338577,-1.341752,-0.670056,0.470600,0.321801,-2.869385,-1.672976,1.024639,-1.283880,-1.402382,-6.552209,2.744833,-2.802748,-3.915305,6.003022,1.987018,-0.361687,-3.675092,-2.232875,0.949166,-4.243998,-2.061450,4.161872,0.657293,1.271217,3.190208,-3.468559,-1.364788,-1.579885,2.057903,3.594188,0.187585,-1.249744,1.570157,1.707176,1.810242,3.310388,-2.792089,-2.720645,1.781344,-2.613103,-2.754705,-0.249010,3.652239,0.433548,-0.271097,2.227406,-6.061926,-1.099838,-6.709734,-3.081973,0.477275,-2.762615,-0.760154,-0.677869,1.920821,6.885522,2.355381,-0.504984,0.642508,-3.791090,-1.212996,3.862058,0.986662,-0.836514,-5.436352,3.034472,3.236442,1.613238,-1.552533,4.283802,-3.171200,-2.604412,-0.158222,5.880344,-0.542786,1.067528,-1.298435,2.917845,-2.306984,-0.598531,0.786233,2.187454,2.033575,8.424314,-0.052988,4.892554,-1.313717,-2.648734,-2.239438,-1.775634,-0.754053,5.273540,-0.393820,-0.337533,2.356044,1.169880,-1.898454,0.155529,-1.933290,-0.913428,-4.249841,-0.681134,0.158660,3.424226,2.746110,6.126934,-6.573747,-1.765952,3.028379,-2.527380,-4.901349,-2.313257,8.279746,1.973469,-1.223018,-1.505404,-0.415103,-0.842289,5.152962,-4.866806,-4.327733,-2.489486,-4.144003,1.732598,1.881453,-3.378375,2.600555,1.270888,3.990898,2.699661,7.783661,3.100985,-3.710415,1.792778,3.767346,-2.543428,1.069016,-2.566896,2.060603,-0.171266,2.458063,-1.965602,-0.020496,3.247603,-2.120337,-2.008226,-1.052284,-0.722848,-2.941607,2.095946,-5.412281,4.091427,0.657139,0.709857,4.181550,3.894936,2.885045,5.015830,1.072378,-6.101431,0.539841,-0.142626,4.396177,-2.495956,3.508199,-1.743983,1.320797,3.689080,-4.179890,1.643890,3.084482,4.307063,-3.510567,3.653638,4.002571,0.732993,-0.844704,7.405414,-1.922542,1.151337,3.997277,-0.030658,1.091789,1.011019,2.494345,3.248768,-2.980032,-0.113683,2.052351,-0.765859,8.075424,-3.038371,-0.282429,2.835987,3.983158,2.862864,2.264224
1.094536,1.447039,0.556860,-0.118084,2.749028,-2.416615,-4.467115,-1.467867,4.423333,-1.682261,0.018071,-1.460743,-3.827231,2.509928,-3.608415,-2.259288,-1.391423,1.487499,1.688702,3.069959,2.926251,0.877399,-0.876956,4.326633,-3.328259,1.426402,-0.395062,3.345186,-4.229057,4.345937,-3.378534,4.240543,1.984352,2.478714,0.135091,-0.130637,0.831678,-5.170839,0.405664,1.881025,2.509753,1.468271,-3.434154,-0.222541,-3.350922,0.985837,-1.365515,-1.330388,2.791883,0.167907,-4.313484,1.099297,2.238843,0.227722,-3.817179,0.005337,-1.409825,4.205836,1.574732,3.041275,0.751756,-0.501095,-0.520780,-2.205989,-0.607327,1.003837,-3.322295,-1.607867,-0.605564,0.413498,-0.748992,2.344628,-1.570416,-1.515443,-0.450326,2.137078,6.145728,3.341226,-0.251066,0.364514,-4.128314,2.574489,2.658059,2.755833,2.956559,-1.864073,2.903498,0.801478,2.477148,0.352457,-1.660118,6.444341,3.368439,0.134020,-6.569614,5.881821,-3.190055,0.571182,4.233732,-1.359521,-1.419971,0.998821,-0.454255,0.231054,1.298341,5.491197,4.415747,1.259756,-1.930400,-4.021138,1.153263,-1.451261,2.143870,1.084065,0.318439,0.511642,0.549176,-2.758795,2.379804,0.851699,-1.949244,1.223781,1.105729,-5.894708,1.573898,-3.986419,-4.358988,-2.299397,-1.869592,0.341567,-4.512957,0.182536,-2.922955,2.000173,-5.401978,0.719248,3.702025,1.541628,-2.002764,-5.265338,2.049277,0.508941,-0.126066,-1.881049,-2.053191,-2.364311,-0.868208,-2.604696,-3.044951,5.714959,0.031927,-2.686643,1.024458,0.140655,-2.157872,1.410029,2.221632,0.116895,-2.138538,1.081646,-8.049344,0.113995,3.984991,-7.088037,5.096153,-2.099428,-5.483458,-4.200339,-2.506960,5.845960,-0.672149,-4.332345,-3.542197,1.277629,0.440364,-0.026697,-3.079318,1.754934,2.791403,-2.584431,-5.888587,-3.142115,1.617113,-3.497426,0.930977,-0.259647,-6.282806,2.366599,2.232224,0.529288,-1.678239,-3.916599,2.003584,3.437832,1.397364,-2.778475,1.941534,1.930606,-6.306132,-2.380942,5.204532,-2.686224,-4.148135,0.954883,0.977741,-3.808825,1.793863,-1.050378,-0.644708,-2.914498,4.085933,-1.058914,3.291003,1.857244,6.790714,1.062825,5.225655,4.691246,2.818572,1.240508,-4.535030,2.225839,0.413437,-0.335800,2.341452,-4.676867,3.126298,1.488945,1.434864,1.611625,-1.717658,4.280320,10.769002,-1.390202,-0.036879,1.452791,-1.371094,3.141427,4.130158,-0.070723,4.214309,4.366667,3.604049,0.218036,1.349905,5.778905,-1.436884,6.073919,0.181202,-0.653660
1.370954,-1.542782,3.095295,3.402496,-1.342119,2.812341,2.153044,-2.768496,1.835995,1.831418,0.343398,2.017550,0.179946,2.042288,1.195049,1.903993,0.264411,2.508278,-0.317626,2.321722,-1.519558,5.999168,-0.907829,0.780285,-0.739640,1.018814,2.711167,3.007423,3.091258,0.538793,3.191922,1.326718,3.446534,3.640397,-0.733630,4.396580,0.969220,-4.783927,2.085605,-0.141845,-1.399985,-1.861472,-0.822399,1.717658,0.415390,1.758244,4.177466,-2.495534,-1.128192,3.109168,-0.337624,2.440686,-1.604375,-4.824823,1.960428,2.913433,2.299116,4.596149,-2.685966,0.601105,-2.848631,-0.356534,-1.847163,1.330515,-1.433234,-3.611236,-4.807157,-0.520799,2.163501,-1.270313,-4.466646,-2.981373,5.926724,3.026750,-0.825697,1.868347,-1.007653,-4.184384,2.382379,4.511298,0.446687,0.510230,3.492013,3.320253,0.297829,5.133142,1.068188,2.999931,0.170988,-1.526085,4.020577,1.974985,-5.933565,-2.018871,-0.819700,-1.576495,-2.007661,4.258682,-1.508735,0.438598,8.000154,4.439262,0.317056,3.361950,2.043569,0.844642,-0.046070,-2.144189,-5.329884,-3.801809,-1.440573,0.333114,-0.860504,-2.814138,0.122861,-0.351545,1.253359,-5.040684,6.122802,1.715192,0.363389,0.659321,-3.641739,0.910824,-0.267429,1.112998,6.759663,-2.750485,3.886045,4.516179,0.010228,0.869654,1.672917,-0.776048,5.449246,-2.591756,0.016491,-0.612817,1.736597,4.317644,2.670299,-3.400586,-3.143781,1.944406,7.125570,-1.010634,1.054793,-2.270837,1.934613,-0.549592,1.629452,2.256312,-3.327739,2.412175,-1.504369,-4.002736,-4.434795,2.698618,-1.813832,2.405307,-3.591183,-3.807077,0.848125,3.900986,0.312822,-3.021345,0.565520,-1.500336,0.560104,2.681156,3.682546,-1.936286,0.533578,0.320332,0.756654,4.007372,-1.448724,-1.697288,0.485896,-3.571688,1.516132,1.483656,-1.200443,-0.428103,-1.744656,0.387360,7.147575,-3.305919,0.489601,4.005900,-1.132928,0.751133,0.853641,-0.676428,0.101505,-1.090533,0.438031,3.310977,-0.178891,4.344900,-2.459218,5.442549,1.261261,2.376909,-1.437603,2.430652,2.825737,-1.182417,3.971473,0.988766,0.694286,5.165020,1.676162,-1.369424,-0.366664,-3.800813,-1.724433,-1.108193,5.011128,1.512167,-0.925116,-3.265585,3.073860,1.159568,4.196908,2.149558,0.653875,1.145893,-1.666877,3.385995,-3.941028,4.203406,3.411240,-0.617911,5.007675,-1.262015,-0.390179,3.122825,4.078665,0.910871,0.529308,1.940888,-1.597759,-8.734152,0.878448,-3.101318,1.691032,3.754737,-0.021445,-2.047903
2.300143,-3.022219,-2.236665,0.301176,0.349069,0.000285,-4.174923,1.224585,1.622864,0.193355,-5.267124,1.047214,-0.642502,-2.594303,3.250172,3.499027,3.942355,-3.226407,1.985372,-4.339330,-2.687326,4.701121,2.162330,-0.696008,2.808269,2.356231,-1.210255,3.988757,0.463317,3.142576,-1.086351,-2.067559,-1.007209,3.274541,2.779465,1.925756,-0.869710,-1.288898,2.939826,2.806703,3.159210,-2.986943,1.283981,-1.985714,3.776758,3.389499,0.420809,-2.220571,-2.332696,-0.289707,3.617147,1.499979,-7.090797,-4.313105,2.550385,-0.775461,4.283299,-1.512372,-0.637164,-4.217159,3.182025,3.082464,-2.715851,3.912865,1.263121,0.666928,-4.259252,3.280178,-2.078148,2.261888,-3.059229,-0.515968,1.458692,3.598196,-1.712749,1.486223,1.177756,-0.154456,3.413879,-0.030456,-1.882048,1.865601,-1.379871,1.387099,1.367017,3.288442,-0.222058,-3.080540,0.707043,-2.559394,-1.073868,-3.526253,1.392247,2.294709,1.464837,0.715773,3.711509,1.662317,-1.229185,2.526250,2.493007,-2.271178,-1.561741,4.296293,2.875523,1.597019,4.457252,-3.851962,3.647538,-1.653447,3.640227,-4.357451,-1.016998,-3.813553,3.584177,-0.081350,5.077103,3.002384,1.299436,0.895288,-2.632074,-2.505420,3.680389,1.891854,5.360679,-1.162573,1.937999,1.880272,-1.090485,4.052679,4.075568,3.052685,0.058839,-1.146538,3.245727,2.050275,2.292508,-0.513546,-1.835929,1.861039,-1.357121,-5.259143,4.068590,2.697827,-3.216883,1.200355,0.867249,-0.922867,-2.743330,-1.540200,-1.167354,2.098714,-5.373139,3.171140,3.060988,-0.110530,-1.687473,2.718606,1.019040,-1.421027,0.743324,0.319852,1.286050,-1.130868,-4.839360,-4.622306,1.201712,1.264225,-3.549633,0.174554,-0.944615,-2.592780,-1.511754,-3.059777,0.725724,3.207823,3.106869,3.231870,1.424372,-2.234857,3.631851,6.304002,-1.085167,-2.904861,-2.847158,-2.021620,-2.274266,3.209799,-0.316438,6.999461,-2.547780,3.268099,-2.945573,0.198811,-2.664757,-2.019410,3.364881,0.045744,-6.246762,-9.061229,4.955477,2.058517,-2.484317,2.762853,0.907171,5.069754,3.729960,3.341561,-1.912076,-0.073198,2.892866,3.343054,1.845069,-0.430757,0.936345,0.318939,4.667921,-0.603145,-1.959842,-3.098165,-0.220086,1.680499,1.706245,-3.821366,2.129732,3.676643,5.249157,4.954825,1.907104,4.663157,-3.736707,-0.064214,5.299525,5.301361,-0.189678,-0.679860,4.591971,0.947159,3.037511,2.002424,3.325736,4.635158,0.219868,4.827716,3.568336,0.337240,2.133362,-1.305391,0.855183,1.262469
-5.202660,-3.856700,4.323587,1.114597,-5.004701,-3.749205,-2.456546,-1.805614,-1.230069,-3.484043,-0.437640,-4.043196,5.021534,-2.300323,0.138222,3.724797,3.366669,0.750288,1.335634,3.979793,-0.998934,-3.043025,-5.988692,-1.763594,-1.771603,2.407240,1.420448,2.470380,3.943313,-1.169342,3.050609,3.034483,2.358546,3.762667,-3.123078,0.004854,4.799028,1.130219,2.213231,1.953032,-0.272781,-0.262175,-5.059126,-1.071311,0.454099,-0.818033,-2.535885,0.121984,1.658998,-0.127356,-0.194670,1.562448,-5.854782,-2.687858,6.623488,0.629467,0.685425,-2.061570,1.789776,-2.578046,2.398895,2.415259,-5.906961,-0.480600,1.592843,-1.711341,5.236342,-0.381851,5.452674,-1.468926,-2.043877,2.845998,-0.083753,0.031692,2.481544,-0.545968,3.218221,-2.828024,-4.827751,-4.035490,2.844598,1.081746,1.569006,4.753652,0.125518,2.080017,3.027973,2.747308,-0.928745,-1.037765,0.956136,-0.861975,0.927138,0.739233,-1.837962,2.755644,-1.612662,-3.545701,-1.041583,0.915787,0.480150,-1.772557,-0.813518,0.927933,-2.707990,2.718876,0.745075,-0.841744,0.705761,-0.715242,2.890226,-0.213499,-1.168051,3.999170,3.380580,2.069479,3.249606,5.156697,2.703801,2.292035,4.879512,1.702984,0.834517,-5.527790,3.006403,-2.749639,2.677769,4.524871,-0.027108,1.868498,-0.122692,-0.159333,-0.179757,1.693329,3.989869,4.738562,-2.735481,2.695456,7.844890,4.963915,-1.702880,1.946400,1.322472,-3.546649,1.647076,-0.828677,3.057459,5.458601,0.288698,-1.567125,1.139106,4.801312,-0.637734,-3.145013,-0.456035,-2.392415,1.675773,1.901018,-1.193463,-0.874536,2.513879,2.297586,-0.442219,0.607809,-0.176695,1.519943,4.453365,-3.158021,-1.610797,-5.358692,1.459196,1.309553,5.649952,-3.295169,0.568293,0.487884,1.744093,3.627132,-3.078196,-1.053903,-6.448292,-4.246548,2.583274,1.750178,3.642534,-5.486812,-1.859525,0.553709,-1.816250,4.762731,-0.060275,-1.133798,6.235256,1.567456,2.586854,-3.048084,-0.836553,2.045351,5.985576,-3.926881,4.652481,2.366551,-1.147236,1.668215,3.181181,4.035427,2.159023,1.511518,-0.452633,3.937950,4.773903,3.810508,4.310882,2.265465,-4.994094,-0.909697,-0.380021,-5.544744,-2.492413,3.593951,5.610746,6.863956,-1.427539,2.483921,2.785654,6.946830,2.105208,-1.273284,4.819841,0.784347,-0.674469,-1.007569,2.196888,8.273396,-0.784652,1.923319,0.881826,3.151253,6.201986,0.747826,0.698600,-0.810631,7.618194,2.336624,-6.504848,1.045642,7.982185,-2.928284,5.110336,8.797305
-3.890765,3.883579,-0.357276,3.282602,0.679681,-0.458105,2.054805,1.779356,-2.852345,-5.032181,-0.237558,-2.942504,1.712479,0.978665,5.077586,0.781792,2.503379,2.652480,0.738132,0.995755,1.446293,1.915249,0.710594,-2.756432,3.125867,-6.346891,-1.835159,0.494142,1.734424,1.992731,5.118010,-1.866656,-0.475427,1.637695,4.238201,2.114411,-5.403813,-0.993948,3.697959,3.487788,-0.809172,-5.721431,0.471117,-0.053500,4.588048,5.651171,1.359306,0.117418,0.763277,-5.249840,-2.267519,2.625681,1.306979,4.408779,-1.035601,1.569259,0.115583,0.631215,4.141667,2.223443,3.798809,4.147094,-1.863331,1.177977,-1.211044,3.630419,-1.423179,-5.601776,4.120828,5.280565,4.170418,-0.724785,-0.103925,2.080004,0.794126,0.225007,-2.752110,3.761202,0.744953,-4.991219,1.165151,1.482869,1.293945,2.793235,5.445309,4.711849,-1.114296,-4.009523,7.684508,-3.479937,-5.021424,1.663413,0.979491,1.220161,-0.590466,3.793401,4.091837,-6.277998,-4.987215,3.540946,1.953511,-0.574402,-0.494108,-2.713099,4.465039,-1.445678,3.056322,3.329613,0.036817,-4.197446,0.103605,4.362848,-4.646372,-1.740163,-3.847369,-0.223366,1.010663,2.460115,-1.335775,-1.044254,0.590067,-1.138976,-5.297783,2.060068,0.048483,-2.498855,0.413671,3.352498,-1.718101,1.585460,-0.213674,3.349178,-1.921892,-2.171284,3.135927,1.054479,1.833433,6.259278,-2.364134,5.010500,1.321691,1.330822,-1.968542,3.967582,0.689105,0.362610,-2.597780,1.577166,0.176162,-4.020325,3.877317,1.129284,2.052715,0.537866,1.433100,-4.212686,1.623912,0.775811,-0.860255,-0.273677,0.180546,4.327679,4.831114,1.910952,-0.446436,3.577636,-0.619349,-0.584399,-1.327150,-1.603427,2.740427,4.039243,1.805883,1.928742,2.311367,2.987692,1.622031,-2.553298,4.832170,-2.661338,-0.910330,0.958913,1.750370,2.786742,-1.330772,-3.465968,0.358721,4.195613,-2.581388,0.370349,-1.093847,-0.261767,-2.014329,-1.730192,-3.050518,-2.674139,-0.005021,3.544504,0.380715,-1.106798,-0.052078,7.121408,0.410582,-0.633536,0.750953,1.061891,-0.306269,-1.222203,-0.566906,-8.757271,-0.537959,0.982561,1.032593,2.942183,2.326062,2.366909,-0.632811,-3.395045,-3.279948,3.812981,4.421025,1.441989,2.543797,3.597177,2.394504,-0.927854,1.398383,4.474035,3.438570,-3.938331,-0.829424,8.111865,-1.818431,1.764635,3.147610,-2.398011,3.536843,4.600861,3.491880,7.326001,1.768576,5.831668,2.598493,8.081080,7.151153,-3.602037,3.302228,2.794585,6.050677,3.422785
0.213928,-0.970434,1.262088,0.177247,-2.360044,-0.621108,2.669169,3.185513,1.890093,4.008479,0.551403,-4.836191,-2.877533,-2.531500,-1.224939,4.480279,-0.665117,-1.143421,-3.930296,-4.344491,-1.743935,2.259136,3.025168,2.214310,-0.049636,-3.315537,2.339781,4.975544,-5.241360,-0.898873,2.846022,3.986661,0.754372,-0.983844,2.812956,1.485378,-2.793476,-0.294138,-1.061621,0.739159,0.783586,0.314229,1.583005,-1.621696,-0.063736,0.863879,-0.999616,1.621636,-0.654964,4.531213,0.473549,-4.468251,-1.300751,3.591899,1.950461,0.903649,1.333995,-2.037723,-7.148781,0.712780,-1.682212,-0.353135,-0.718003,-3.140879,5.069280,2.336885,1.760624,-5.577258,-2.906449,-0.962513,3.394586,0.898600,0.707553,3.233378,-1.599422,-0.594855,-0.788401,1.706291,8.149253,1.667895,-2.574559,-2.746391,-1.431074,-5.468899,-0.916489,3.007630,-1.597318,-2.211242,-5.948043,3.259967,-3.083142,0.189911,-0.940413,2.197842,6.824397,-1.944925,0.437371,-3.793831,-1.040009,1.103594,0.749146,-5.790599,1.237203,-1.590984,4.994723,-3.219181,2.650776,-1.593213,4.728997,2.473745,4.443392,-5.119585,2.456384,-1.782123,-0.468166,1.343424,5.625967,-2.008981,0.731872,-1.285352,0.190000,-1.748927,2.113678,1.773854,5.092600,0.645203,2.465765,-3.931499,2.331410,1.873198,-1.027955,4.930456,6.673750,1.137708,1.595199,3.568078,1.715921,-3.987617,0.780630,-2.359385,-0.203778,0.246179,0.889393,-3.537535,4.289758,-0.128622,0.891693,0.422439,-3.019999,3.766903,6.144897,-0.915477,0.814547,-1.960068,-0.446801,0.624887,3.755509,-0.630103,2.924876,2.035805,0.344842,-0.134751,1.444970,-1.741205,1.195041,9.218817,-1.359390,2.380145,3.823924,1.139886,-0.154863,-3.100686,-4.821026,-1.512138,3.572643,1.501357,-3.477240,-1.503740,-0.153449,-0.671931,1.802072,-0.326642,-0.914015,3.664762,-1.225185,-5.058221,-1.197416,-0.693119,-4.513843,-0.013757,3.833240,1.567988,3.619358,-1.532512,-5.238679,1.067337,-0.501809,0.297124,-1.811968,1.927821,-6.408591,3.849463,2.049867,-0.144775,2.973644,1.544007,-5.820707,-1.075704,6.637362,1.617594,1.115578,3.488737,0.722129,-0.981510,4.777444,1.438857,-2.025210,-1.974831,0.749495,-1.151856,-3.342231,1.422500,-1.399821,0.929112,-3.105274,0.120170,4.840490,1.025953,1.667963,2.546626,6.313235,5.362669,1.322623,0.429447,1.759298,3.847029,2.258526,-2.616519,6.302327,2.540103,1.336403,-4.111578,-2.191862,3.151958,3.863810,1.367503,3.750494,5.238507,0.504287,3.940876
-0.248258,4.666478,-0.730285,-0.562089,-3.295903,-1.111047,4.273892,6.135992,1.399942,-1.166650,-1.804976,-3.344420,-1.216353,3.925836,-1.128136,-1.510321,-0.644851,1.146058,2.064970,1.937576,0.687649,-0.392130,2.871085,-0.423405,-2.602949,3.943800,-1.308265,1.403280,1.486178,-4.083253,-0.403015,-0.273719,5.486278,3.414229,-0.419291,-5.778759,5.240882,1.161608,-2.049254,1.835617,3.014880,0.973410,-1.302599,2.022988,-0.878916,2.655464,-0.676596,3.758313,-2.533294,-5.535048,-2.951235,0.078094,0.168736,-0.186246,-0.444780,-0.389307,3.034922,1.915534,1.101607,0.082526,1.500668,2.398584,2.853263,4.428524,5.442519,3.311612,-0.387595,1.877257,1.053191,6.978141,2.398181,0.894676,-2.361679,-1.247092,-2.318754,-3.959495,0.769502,-0.514030,1.501045,0.140120,0.874464,-0.341113,-4.850259,-1.001229,3.544436,5.916779,-4.761265,5.653553,3.309459,-0.482493,-0.622733,-1.740041,-1.989130,4.578299,5.947419,3.485903,0.824759,-1.579384,2.133436,-0.902757,0.109634,-1.313416,2.666547,1.356088,-4.099463,-0.224201,3.173421,0.629375,-4.224201,-0.796633,-7.158631,5.444096,2.352312,-1.084038,1.674193,-0.828329,1.064848,-3.149964,1.042266,-2.044959,-4.044533,-1.963656,-0.777062,2.409406,-1.695474,1.823483,-1.381749,0.480974,-4.667355,-3.074916,-6.335399,-1.561330,2.216702,0.065880,-0.914207,-2.175001,0.153362,-4.561982,-1.904049,0.060497,1.698025,-1.979316,-1.828054,-5.068087,-0.683341,-1.991387,-4.171903,3.519268,1.208887,0.319647,-2.129356,5.437043,1.609834,0.957530,-3.850620,0.904089,2.651692,-2.938183,-4.764654,-0.546897,-1.410703,1.447070,-3.653957,-0.997403,1.573837,-4.727809,-0.724712,0.742100,2.154498,-0.831115,0.645349,-2.219124,7.145056,0.115171,0.698054,2.457126,4.417162,2.302126,0.598913,-1.777806,0.638924,0.658234,2.964827,1.814843,3.746489,6.123305,0.413340,0.148302,-4.049182,-3.087222,-2.327587,-3.298965,5.730747,2.904531,1.827362,-3.313092,-2.431738,5.226952,1.538748,-4.167809,6.375424,-0.122440,1.463471,2.112596,0.307566,-0.601964,-4.341847,-0.137804,4.521535,-5.833773,1.351243,0.431634,-2.906673,7.362564,-3.777479,5.279708,2.255418,-0.817758,-0.989025,0.392260,0.604674,8.257172,-0.057411,-4.425221,6.655751,0.941807,-0.542128,-2.417862,1.754916,-2.397277,3.845926,1.930983,1.171016,-0.965134,2.936396,2.199572,1.275168,-4.567124,4.402234,-3.829240,0.407323,1.146070,2.961861,6.027689,0.128723,0.096675,2.268618,5.813305,-0.771220,4.584091
-1.550083,4.363496,-0.251880,-1.568234,-5.547544,4.711720,-0.541974,-0.006874,-2.900327,-0.713482,0.641120,-0.880655,0.081228,-1.588981,-2.678400,3.172442,-1.808840,-5.798076,1.470895,-0.050261,2.772199,5.544622,6.713321,-2.337607,-0.794104,-2.739416,2.850501,4.729323,1.576964,1.305228,0.626091,-1.404961,5.110770,-0.118306,-2.864654,-0.068230,-3.667525,0.823584,-2.201102,-1.827488,-1.350924,-3.109044,-1.315607,1.076131,-0.293564,0.942632,1.365257,1.363796,-1.040405,-0.091329,2.249017,2.564936,-3.067866,-4.583454,0.712074,0.910857,1.776646,-2.758511,0.450587,-4.587409,1.942439,-1.161241,-2.348347,5.926841,0.570890,0.509964,4.986002,-2.704042,0.384733,-3.483964,0.011261,1.283245,-1.250244,-0.089533,3.762548,1.294343,-2.766028,-1.223869,-1.074131,0.446844,2.992629,-0.430142,-0.247383,-4.168229,-0.529617,-1.124663,1.413369,3.049204,-5.173481,0.122495,0.641164,-1.250202,6.044575,1.274424,2.183242,-0.113272,1.143546,3.055160,-2.958789,0.349569,0.964677,2.053986,-0.376952,-2.076217,0.449146,4.878953,-2.905685,0.404161,9.636296,0.278408,3.891780,-4.840384,-3.142148,4.704189,2.937280,4.213009,-2.641169,-1.791786,-1.062498,-1.871004,-0.650803,-0.178179,-2.657088,-0.770702,4.144915,0.079441,0.064635,-0.267302,-2.566182,-5.752669,-2.556229,-0.246486,0.486120,5.183561,3.427741,4.670004,-6.158165,-0.407307,1.530622,-5.326693,-0.313374,-1.312922,-0.252255,-0.774218,3.257131,3.413074,-3.125556,3.055290,-0.551641,6.133108,5.612818,-0.047679,-3.757354,-3.236204,3.139220,1.593392,-1.466995,3.738143,-2.487021,1.029181,-0.569407,1.470923,5.494327,0.120117,-2.480869,1.933256,-1.141867,6.123196,1.425147,-3.623959,-2.414702,-0.668098,-1.430039,4.815646,3.048395,-2.184129,-1.087101,-0.562661,-6.628589,-1.225350,3.425841,0.972832,3.447238,-1.633388,4.177144,1.668103,1.981864,3.303269,4.773676,3.898463,-3.188190,1.967548,0.832660,-3.049100,-0.663697,0.503327,-0.289659,-1.555408,4.233563,-0.663496,-4.042282,2.167240,0.952150,3.897977,1.205954,0.348410,-1.936580,5.180447,-1.919236,2.067144,1.010574,4.114753,4.357513,-5.159123,2.402478,1.161271,1.688538,-4.435664,5.535206,-1.336132,4.345867,-0.012881,2.374190,1.497324,1.509860,5.827267,5.019908,1.895436,-5.677042,0.399848,4.023193,4.513036,-0.505835,5.211354,1.549719,-0.000629,1.278486,7.358602,1.761439,1.602428,-1.581241,-1.851885,3.335871,3.990424,-0.144522,2.702420,-3.141937,-0.974006,3.046508,9.061658
-0.962523,-2.872349,-1.465580,4.404087,0.691989,4.116688,2.824055,0.907278,-2.838911,-1.136708,6.074729,1.003926,3.917941,1.200696,0.008962,3.601540,0.837631,2.226148,2.609014,-1.082412,-3.440747,2.585906,5.958617,-1.859093,2.461739,1.950522,4.243869,2.803215,0.097643,0.289256,-1.410670,3.384196,-1.954276,-0.378686,2.333975,1.100536,-2.618326,1.603309,-3.403487,-2.507244,0.151667,1.373396,-0.445745,1.717902,0.280184,1.518249,-1.529407,6.525924,3.038593,-0.253120,-0.609119,-0.315666,2.048119,-6.968124,-3.611824,5.568818,3.993090,-1.279345,-3.786503,-0.493579,6.838762,-2.486273,4.920337,-2.676962,-2.500466,-3.173417,0.621928,3.897311,3.543713,-3.957542,-1.122824,-0.673756,-1.289093,-2.316548,0.851991,0.265785,2.792155,-0.454564,1.358682,0.736163,4.814738,0.986910,-0.054089,3.435297,0.784584,3.575102,1.626595,-3.170441,-0.552594,7.218264,6.229104,0.474038,0.231623,-1.739611,3.802821,-1.586384,-5.964204,-2.595478,0.663649,-0.520901,2.627996,2.034948,-0.801247,4.748743,-1.138445,-2.764219,-1.113030,-2.703073,-2.120148,3.087055,4.401864,-0.893606,1.307183,-0.169198,-4.453033,-1.244046,6.053092,-3.200992,4.591817,2.686942,-3.130675,7.875721,-0.372428,2.372565,-5.158283,7.642095,1.299829,-5.192667,0.104060,2.853284,-0.745306,3.279722,-0.634235,1.013996,3.467857,-1.413251,0.035447,3.045852,-0.959820,-7.296397,4.441299,1.743011,3.836960,-0.030274,-0.480478,-0.581611,1.991884,-2.270213,-0.313429,0.755814,-3.250904,-1.802131,-4.000431,4.706764,-1.213904,-2.565659,-3.176390,0.600853,0.450761,2.932197,1.444264,-1.688857,1.139600,-2.544557,-0.676612,4.702053,-5.888179,-7.402763,0.641185,1.140265,-2.726098,3.453610,-0.856879,1.270098,-3.174864,2.510782,2.644172,6.359706,3.390495,-0.160323,0.139437,-4.313415,0.729544,-7.472522,-2.857025,7.491371,-0.613643,2.102125,-1.028167,2.766247,3.608015,-0.255748,-1.863568,1.474340,4.440022,3.298787,1.376218,-0.145635,-1.465157,-3.306598,0.420312,0.423379,-0.870996,8.051295,-1.253999,-0.168781,0.942212,-3.087158,-1.697986,0.464330,6.538268,-0.066921,2.501298,-1.024085,1.176205,-0.306205,1.105761,2.993986,1.301663,2.268616,2.137166,4.697456,-3.501561,1.985258,-6.088818,0.164096,6.624983,6.757652,0.516746,-2.195721,3.271956,2.377522,2.754581,2.128377,-0.044910,3.045281,-4.784650,6.998120,3.610791,7.430190,3.467237,0.437264,1.165707,3.710216,1.886414,1.503484,-0.051802,-0.506010,5.093799,-1.020490
-1.224248,-3.522289,2.417797,-1.543927,1.361039,-4.331289,-1.743511,1.503742,-0.542183,1.303075,-7.055436,3.036756,3.096393,-5.858844,-1.562592,-2.994704,2.808995,1.524584,3.586328,-0.528883,-0.938534,1.617874,1.764172,-1.962526,-4.084933,2.207915,1.559297,3.041258,-1.557778,3.176576,-0.439707,-2.771495,2.203174,3.905869,0.520551,0.813176,1.478419,-3.377013,-0.064293,-1.338493,-2.356684,-0.529529,0.999624,1.884168,-0.727783,2.227257,-2.663537,0.392588,0.409285,-1.362807,2.445946,1.895106,-5.322776,-1.703106,-1.983851,0.608939,-0.463081,0.280733,4.430124,5.336811,1.549661,-0.302443,-5.026117,7.060468,-8.172803,0.107425,2.287231,0.508920,-0.730443,3.647573,0.214955,-0.086690,4.270525,1.013024,2.551577,-3.159483,-2.573856,-2.675617,0.178931,2.463069,1.312792,-2.183343,-3.977928,-4.147161,-2.005197,0.622060,2.192226,-2.910591,-2.695023,3.894355,-3.108915,1.535790,0.625138,0.475891,-2.225231,-3.331827,-0.381816,-1.449139,-1.180237,-0.635899,-0.790595,-4.748777,-1.136301,4.718261,-0.567482,4.366314,-3.261878,-5.505319,2.837903,3.102034,-1.939353,3.993020,6.190169,1.768385,-1.270018,-3.300054,0.782524,3.915124,2.852220,-3.604596,-0.150545,-1.127268,-2.884787,-2.608266,2.234850,-5.040549,-3.782224,4.057255,1.217293,-1.064833,5.949729,-0.379716,-2.626602,4.515708,0.107771,2.678043,1.224225,-1.428808,-3.255598,1.287418,-1.817369,2.389638,1.422873,-1.947372,-0.690171,3.925220,2.130414,-2.796849,-3.379607,-3.798567,-3.226210,-0.327352,1.798873,2.194075,-0.187756,-1.603951,-1.874962,-5.713536,1.017725,-0.355342,0.495267,-2.807871,-1.293402,0.287268,-2.227305,0.615956,-4.449669,1.705527,4.912281,0.850347,-3.351767,1.673119,-0.162579,-2.736883,0.760752,0.558431,-2.847071,-0.724221,0.284905,2.343164,-2.304175,-3.948264,-2.442076,1.999415,3.299692,-3.608382,0.429772,0.527067,1.019943,1.773960,1.375318,0.525167,1.161247,7.494849,-0.868813,0.134101,1.126638,5.588398,-1.111735,9.455261,-0.749922,1.152206,0.246987,-0.323860,-1.430486,-5.696134,-0.957489,5.945410,1.140847,3.123653,-4.450835,3.538185,-0.312985,2.867524,-1.013111,-4.027653,1.864530,1.080790,-0.930241,-1.241245,3.684510,0.557657,1.186274,3.103096,2.201828,1.685752,3.067552,-1.565124,3.613849,0.200858,2.202558,-3.341125,-3.456323,1.611681,2.117823,-4.892558,0.511434,3.552365,2.702780,3.038304,-1.364421,2.320566,-0.275495,5.730622,4.438187,5.616531,-2.959146,5.288407,-0.939597,2.358574
2.429424,-1.241094,4.310348,-2.020972,-0.462994,3.942067,2.437903,-2.456318,-1.111849,-2.514197,6.774963,1.452749,-1.130761,-0.393073,-3.909960,2.590884,-0.226132,-4.883814,-1.128145,-0.288967,-0.906349,1.028775,-0.834360,2.000023,4.363814,1.077117,6.981058,2.556315,-1.960408,0.111094,1.603551,3.545637,0.333779,-1.563441,-2.110917,-3.172698,2.716916,4.366965,-0.165481,-0.282799,2.290647,3.556464,2.690297,1.343284,-3.742704,0.924196,4.115218,-1.507190,-4.258765,-3.296140,2.756552,0.889197,4.527192,0.730349,2.719714,0.542172,3.435897,0.045533,3.928805,1.729031,-2.873013,-2.584353,-0.998626,3.718408,-2.162955,-2.707277,4.028381,-0.602257,2.945840,3.409126,1.364548,3.752022,0.567496,3.727528,4.437902,0.176739,4.219832,-2.254306,3.113117,2.191275,1.317150,3.959207,0.335653,0.668072,1.269736,-2.633222,1.501639,-1.982489,-5.764580,4.440385,-3.970503,1.648765,-1.099801,3.447227,2.581154,3.250103,-4.409849,1.420745,-1.663050,-1.160591,1.656372,4.207178,-1.311992,0.336033,4.983946,-4.747262,2.940009,-4.786012,-1.821247,-0.986174,4.276641,0.076446,1.108923,-0.901482,1.541255,6.737211,0.678431,-2.302437,-0.074276,-0.927457,1.605278,-1.070405,-5.108484,-2.301613,-4.537405,4.273753,0.738765,-3.537864,-2.189345,-2.966125,-1.522916,-4.185926,-1.736617,-2.731345,-0.320228,1.120674,-0.332400,3.023902,-1.335310,0.185850,-3.938322,2.967805,0.106554,1.998053,1.600640,-0.674267,4.186970,-0.623401,0.310497,-3.953020,1.790796,0.304390,-4.617350,2.139086,-6.605765,-2.161907,-0.604726,-0.156593,-3.075355,3.727402,4.103482,-0.087566,-2.145969,-2.350882,2.152351,-1.852841,2.115300,3.636184,-0.794755,-1.841417,-2.742843,-0.755487,-2.022138,5.361640,3.198907,1.134467,0.154801,0.187112,5.435106,-0.839990,0.908915,3.261220,3.007649,2.388218,3.509602,4.592064,-0.875063,-0.215657,-2.356480,-1.284907,0.361034,-5.700652,4.456477,0.949574,0.550816,2.536799,0.656375,-0.119782,-2.954601,3.800606,0.420562,0.240740,-5.592193,2.574296,1.828169,2.425314,-3.785781,-2.270932,0.621363,-1.000895,-0.216685,-1.025120,-1.494502,2.277879,-0.056491,-0.403213,-5.257836,-2.020228,3.793327,-0.553422,-5.097457,6.069872,2.546728,-1.255450,3.802091,5.863094,4.267928,0.392151,4.787766,4.517024,-2.851019,-3.520867,7.426488,-1.286414,1.252546,2.215516,4.854750,1.885215,3.154355,4.392426,-0.691511,1.434604,6.052580,2.517286,-1.955966,3.204137,1.586542,0.596535,1.455710,-1.223212
